,species_id,park_code,park_name,order,family,scientific_name,common_names,record_status,occurrence,nativeness,abundance,seasonality,conservation_status,is_protected
19294,CRLA-1232,CRLA,Crater Lake,Passeriformes,Fringillidae,Coccothraustes vespertinus brooksi,,Approved,Not Confirmed,Native,Unknown,Unknown,Least Concern,False
19350,CRLA-1288,CRLA,Crater Lake,Passeriformes,Troglodytidae,Troglodytes troglodytes pacificus,,Approved,Present,Native,Uncommon,Breeder,Least Concern,False
26298,DEVA-1213,DEVA,Death Valley,Passeriformes,Paridae,Parus inornatus griseus,,In Review,Not Confirmed,Unknown,Unknown,Unknown,Least Concern,False
26308,DEVA-1223,DEVA,Death Valley,Accipitriformes,Accipitridae,Buteo lineatus elegans,,In Review,Not Confirmed,Unknown,Unknown,Unknown,Least Concern,False
26342,DEVA-1257,DEVA,Death Valley,Anseriformes,Anatidae,Branta canadensis occidentalis,,In Review,Not Confirmed,Unknown,Unknown,Unknown,Least Concern,False
26433,DEVA-1348,DEVA,Death Valley,Charadriiformes,Scolopacidae,Symphemia semipalmata inornata,,In Review,Not Confirmed,Unknown,Unknown,Unknown,Least Concern,False
26456,DEVA-1371,DEVA,Death Valley,Falconiformes,Falconidae,Falco columbarius richardsonii,,In Review,Not Confirmed,Unknown,Unknown,Unknown,Least Concern,False
26464,DEVA-1379,DEVA,Death Valley,Galliformes,Odontophoridae,Oreortyx pictus plumifer,,In Review,Not Confirmed,Unknown,Unknown,Unknown,Least Concern,False
26487,DEVA-1402,DEVA,Death Valley,Passeriformes,Aegithalidae,Psaltriparus minimus californicus,,In Review,Not Confirmed,Unknown,Unknown,Unknown,Least Concern,False
26489,DEVA-1404,DEVA,Death Valley,Passeriformes,Alaudidae,Otocoris alpestris arenicola,,In Review,Not Confirmed,Unknown,Unknown,Unknown,Least Concern,False
26490,DEVA-1405,DEVA,Death Valley,Passeriformes,Alaudidae,Otocoris alpestris chrysolaema,,In Review,Not Confirmed,Unknown,Unknown,Unknown,Least Concern,False
26533,DEVA-1448,DEVA,Death Valley,Passeriformes,Emberizidae,Amphispiza belli belli,,In Review,Not Confirmed,Unknown,Unknown,Unknown,Species of Concern,True
26548,DEVA-1463,DEVA,Death Valley,Passeriformes,Emberizidae,Passerella iliaca megarhyncha,,In Review,Not Confirmed,Unknown,Unknown,Unknown,Least Concern,False
26550,DEVA-1465,DEVA,Death Valley,Passeriformes,Emberizidae,Passerella iliaca unalaschcensis,,In Review,Not Confirmed,Unknown,Unknown,Unknown,Least Concern,False
26555,DEVA-1470,DEVA,Death Valley,Passeriformes,Emberizidae,Pipilo fuscus crissalis,,In Review,Not Confirmed,Unknown,Unknown,Unknown,Least Concern,False
26556,DEVA-1471,DEVA,Death Valley,Passeriformes,Emberizidae,Pipilo fuscus mesoleucus,,In Review,Not Confirmed,Unknown,Unknown,Unknown,Least Concern,False
26558,DEVA-1473,DEVA,Death Valley,Passeriformes,Emberizidae,Pipilo maculatus megalonyx,,In Review,Not Confirmed,Unknown,Unknown,Unknown,Least Concern,False
26564,DEVA-1479,DEVA,Death Valley,Passeriformes,Emberizidae,Spizella monticola ochracea,,In Review,Not Confirmed,Unknown,Unknown,Unknown,Least Concern,False
26568,DEVA-1483,DEVA,Death Valley,Passeriformes,Emberizidae,Spizella socialis arizonae,,In Review,Not Confirmed,Unknown,Unknown,Unknown,Least Concern,False
26584,DEVA-1499,DEVA,Death Valley,Passeriformes,Fringillidae,Spinus psaltria arizonae,,In Review,Not Confirmed,Unknown,Unknown,Unknown,Least Concern,False
26589,DEVA-1504,DEVA,Death Valley,Passeriformes,Hirundinidae,Progne subis hesperia,,In Review,Not Confirmed,Unknown,Unknown,Unknown,Least Concern,False
26632,DEVA-1547,DEVA,Death Valley,Passeriformes,Paridae,Parus rufescens neglectus,,In Review,Not Confirmed,Unknown,Unknown,Unknown,Least Concern,False
26654,DEVA-1569,DEVA,Death Valley,Passeriformes,Parulidae,Seiurus noveboracensis notabilis,,In Review,Not Confirmed,Unknown,Unknown,Unknown,Least Concern,False
26675,DEVA-1590,DEVA,Death Valley,Passeriformes,Parulidae,Sylvania pusilla pileolata,,In Review,Not Confirmed,Unknown,Unknown,Unknown,Least Concern,False
26679,DEVA-1594,DEVA,Death Valley,Passeriformes,Passeridae,Passer domesticus hostilis,,In Review,Not Confirmed,Unknown,Unknown,Unknown,Least Concern,False
26696,DEVA-1611,DEVA,Death Valley,Passeriformes,Sylviidae,Chamaea fasciata henshawi,,In Review,Not Confirmed,Unknown,Unknown,Unknown,Least Concern,False
26703,DEVA-1618,DEVA,Death Valley,Passeriformes,Troglodytidae,Thryothorus bewickii spilurus,,In Review,Not Confirmed,Unknown,Unknown,Unknown,Least Concern,False
26705,DEVA-1620,DEVA,Death Valley,Passeriformes,Troglodytidae,Troglodytes aedon aztecus,,In Review,Not Confirmed,Unknown,Unknown,Unknown,Least Concern,False
26718,DEVA-1633,DEVA,Death Valley,Passeriformes,Turdidae,Turdus aonalaschkae auduboni,,In Review,Not Confirmed,Unknown,Unknown,Unknown,Least Concern,False
26722,DEVA-1637,DEVA,Death Valley,Passeriformes,Turdidae,Turdus ustulatus swainsonii,,In Review,Not Confirmed,Unknown,Unknown,Unknown,Least Concern,False
26756,DEVA-1671,DEVA,Death Valley,Passeriformes,Vireonidae,Vireo solitarius cassinii,,In Review,Not Confirmed,Unknown,Unknown,Unknown,Least Concern,False
26757,DEVA-1672,DEVA,Death Valley,Passeriformes,Vireonidae,Vireo solitarius plumbeus,,In Review,Not Confirmed,Unknown,Unknown,Unknown,Least Concern,False
26759,DEVA-1674,DEVA,Death Valley,Passeriformes,Vireonidae,Vireosylva gilva swainsonii,,In Review,Not Confirmed,Unknown,Unknown,Unknown,Least Concern,False
26770,DEVA-1685,DEVA,Death Valley,Pelecaniformes,Ardeidae,Ixobrychus exilis hesperis,,In Review,Not Confirmed,Unknown,Unknown,Unknown,Species of Concern,True
26779,DEVA-1694,DEVA,Death Valley,Piciformes,Picidae,Dryobates villosus hyloscopus,,In Review,Not Confirmed,Unknown,Unknown,Unknown,Least Concern,False
26780,DEVA-1695,DEVA,Death Valley,Piciformes,Picidae,Dryobates villosus leucotherostes,,In Review,Not Confirmed,Unknown,Unknown,Unknown,Least Concern,False
26783,DEVA-1698,DEVA,Death Valley,Piciformes,Picidae,Melanerpes formicivorus bairdi,,In Review,Not Confirmed,Unknown,Unknown,Unknown,Least Concern,False
26808,DEVA-1723,DEVA,Death Valley,Strigiformes,Strigidae,Athene cunicularia hypugaea,,In Review,Not Confirmed,Unknown,Unknown,Unknown,Species of Concern,True
26814,DEVA-1729,DEVA,Death Valley,Strigiformes,Strigidae,Megascops asio bendirei,,In Review,Not Confirmed,Unknown,Unknown,Unknown,Least Concern,False
26817,DEVA-1732,DEVA,Death Valley,Strigiformes,Strigidae,Otus asio inyoensis,,In Review,Not Confirmed,Unknown,Unknown,Unknown,Least Concern,False
26824,DEVA-1739,DEVA,Death Valley,Suliformes,Phalacrocoracidae,Phalacrocorax dilophus albociliatus,,In Review,Not Confirmed,Unknown,Unknown,Unknown,Least Concern,False
26825,DEVA-1740,DEVA,Death Valley,Suliformes,Phalacrocoracidae,Phalacrocorax pelagicus resplendens,,In Review,Not Confirmed,Unknown,Unknown,Unknown,Least Concern,False
39425,GRBA-1103,GRBA,Great Basin,Passeriformes,Fringillidae,Carduelis pinus vagans,,In Review,Not Confirmed,Unknown,Unknown,Unknown,Least Concern,False
39426,GRBA-1104,GRBA,Great Basin,Passeriformes,Fringillidae,Carpodacus cassinii cassinii,,In Review,Not Confirmed,Unknown,Unknown,Unknown,Least Concern,False
39427,GRBA-1105,GRBA,Great Basin,Passeriformes,Fringillidae,Carpodacus mexicanus solitudinis,,In Review,Not Confirmed,Unknown,Unknown,Unknown,Least Concern,False
39428,GRBA-1106,GRBA,Great Basin,Passeriformes,Fringillidae,Carpodacus mexicanus solitudinus,,In Review,Not Confirmed,Unknown,Unknown,Unknown,Least Concern,False
39520,GRBA-1198,GRBA,Great Basin,Galliformes,Phasianidae,Meleagris gallopavo merriami,,In Review,Not Confirmed,Unknown,Unknown,Unknown,Least Concern,False
39545,GRBA-1223,GRBA,Great Basin,Passeriformes,Corvidae,Aphelocoma coerulescens californica,,In Review,Not Confirmed,Unknown,Unknown,Unknown,Least Concern,False
39546,GRBA-1224,GRBA,Great Basin,Passeriformes,Corvidae,Aphelocoma coerulescens nevadae,,In Review,Not Confirmed,Unknown,Unknown,Unknown,Least Concern,False
39562,GRBA-1240,GRBA,Great Basin,Passeriformes,Emberizidae,Junco caniceps caniceps,,In Review,Not Confirmed,Unknown,Unknown,Unknown,Least Concern,False
39576,GRBA-1254,GRBA,Great Basin,Passeriformes,Emberizidae,Pipilo erythrophthalmus montanus,,In Review,Not Confirmed,Unknown,Unknown,Unknown,Least Concern,False
39617,GRBA-1295,GRBA,Great Basin,Passeriformes,Hirundinidae,Tachycineta thalassina lepida,,In Review,Not Confirmed,Unknown,Unknown,Unknown,Least Concern,False
39624,GRBA-1302,GRBA,Great Basin,Passeriformes,Icteridae,Icterus galbula bullockii,,In Review,Not Confirmed,Unknown,Unknown,Unknown,Least Concern,False
39643,GRBA-1321,GRBA,Great Basin,Passeriformes,Paridae,Parus gambeli inyoensis,,In Review,Not Confirmed,Unknown,Unknown,Unknown,Least Concern,False
39645,GRBA-1323,GRBA,Great Basin,Passeriformes,Paridae,Parus inornatus ridgwayi,,In Review,Not Confirmed,Unknown,Unknown,Unknown,Least Concern,False
39648,GRBA-1326,GRBA,Great Basin,Passeriformes,Paridae,Poecile gambeli gambeli,,In Review,Present,Native,Unknown,Unknown,Least Concern,False
39649,GRBA-1327,GRBA,Great Basin,Passeriformes,Paridae,Poecile gambeli inyoensis,,In Review,Present,Native,Unknown,Unknown,Least Concern,False
39674,GRBA-1352,GRBA,Great Basin,Passeriformes,Regulidae,Regulus satrapa amoenus,,In Review,Not Confirmed,Unknown,Unknown,Unknown,Least Concern,False
39712,GRBA-1390,GRBA,Great Basin,Passeriformes,Tyrannidae,Empidonax occidentalis hellmayri,,In Review,Present,Native,Unknown,Unknown,Least Concern,False
39732,GRBA-1410,GRBA,Great Basin,Piciformes,Picidae,Picoides pubescens leucurus,,In Review,Not Confirmed,Unknown,Unknown,Unknown,Least Concern,False
42376,GRCA-1401,GRCA,Grand Canyon,Passeriformes,Parulidae,Leiothlypis celata orestera,,Approved,Present,Native,Uncommon,Winter,Least Concern,False
42482,GRCA-1507,GRCA,Grand Canyon,Passeriformes,Vireonidae,Vireo olivaceus olivaceus,,Approved,Present,Native,Occasional,Vagrant,Least Concern,False
42485,GRCA-1510,GRCA,Grand Canyon,Passeriformes,Vireonidae,Vireo plumbeus plumbeus,,Approved,Present,Native,Common,Summer,Least Concern,False
61883,HOSP-1057,HOSP,Hot Springs,Accipitriformes,Accipitridae,Buteo jamaicensis borealis,,Approved,Not Confirmed,Unknown,Unknown,Unknown,Least Concern,False
61886,HOSP-1060,HOSP,Hot Springs,Accipitriformes,Accipitridae,Buteo lineatus lineatus,,Approved,Not Confirmed,Unknown,Unknown,Unknown,Least Concern,False
61890,HOSP-1064,HOSP,Hot Springs,Accipitriformes,Accipitridae,Circus cyaneus hudsonius,,Approved,Not Present (False Report),Unknown,Unknown,Unknown,Least Concern,False
61892,HOSP-1066,HOSP,Hot Springs,Accipitriformes,Accipitridae,Haliaeetus leucocephalus leucocephalus,,Approved,Not Confirmed,Unknown,Unknown,Unknown,Least Concern,False
61895,HOSP-1069,HOSP,Hot Springs,Accipitriformes,Cathartidae,Cathartes aura septentrionalis,,Approved,Not Confirmed,Unknown,Unknown,Unknown,Least Concern,False
61898,HOSP-1072,HOSP,Hot Springs,Accipitriformes,Pandionidae,Pandion haliaetus carolinensis,,Approved,Not Confirmed,Unknown,Unknown,Unknown,Least Concern,False
61904,HOSP-1078,HOSP,Hot Springs,Anseriformes,Anatidae,Anas crecca carolinensis,,Approved,Not Confirmed,Unknown,Unknown,Unknown,Least Concern,False
61907,HOSP-1081,HOSP,Hot Springs,Anseriformes,Anatidae,Anas platyrhynchos platyrhynchos,,Approved,Not Confirmed,Unknown,Unknown,Unknown,Least Concern,False
61917,HOSP-1091,HOSP,Hot Springs,Anseriformes,Anatidae,Branta canadensis canadensis,,Approved,Not Confirmed,Unknown,Unknown,Unknown,Least Concern,False
61930,HOSP-1104,HOSP,Hot Springs,Anseriformes,Anatidae,Oxyura jamaicensis rubida,,Approved,Not Present (False Report),Unknown,Unknown,Unknown,Least Concern,False
61936,HOSP-1110,HOSP,Hot Springs,Caprimulgiformes,Caprimulgidae,Caprimulgus vociferus vociferus,,Approved,Not Confirmed,Unknown,Unknown,Unknown,Least Concern,False
61938,HOSP-1112,HOSP,Hot Springs,Caprimulgiformes,Caprimulgidae,Chordeiles minor minor,,Approved,Not Confirmed,Unknown,Unknown,Unknown,Least Concern,False
61942,HOSP-1116,HOSP,Hot Springs,Charadriiformes,Charadriidae,Charadrius vociferus vociferus,,Approved,Not Confirmed,Unknown,Unknown,Unknown,Least Concern,False
61944,HOSP-1118,HOSP,Hot Springs,Charadriiformes,Charadriidae,Pluvialis dominica dominica,,Approved,Not Present (False Report),Unknown,Unknown,Unknown,Least Concern,False
61948,HOSP-1122,HOSP,Hot Springs,Charadriiformes,Laridae,Larus argentatus smithsonianus,,Approved,Not Present (False Report),Unknown,Unknown,Unknown,Least Concern,False
61954,HOSP-1128,HOSP,Hot Springs,Charadriiformes,Laridae,Sterna antillarum antillarum,,Approved,Not Present (False Report),Unknown,Unknown,Unknown,Least Concern,False
61958,HOSP-1132,HOSP,Hot Springs,Charadriiformes,Laridae,Sterna hirundo hirundo,,Approved,Not Present (False Report),Unknown,Unknown,Unknown,Least Concern,False
61974,HOSP-1148,HOSP,Hot Springs,Charadriiformes,Scolopacidae,Catoptrophorus semipalmatus inornatus,,Approved,Not Present (False Report),Unknown,Unknown,Unknown,Least Concern,False
61985,HOSP-1159,HOSP,Hot Springs,Charadriiformes,Scolopacidae,Tringa solitaria solitaria,,Approved,Not Present (False Report),Unknown,Unknown,Unknown,Least Concern,False
61990,HOSP-1164,HOSP,Hot Springs,Columbiformes,Columbidae,Zenaida macroura carolinensis,,Approved,Not Confirmed,Unknown,Unknown,Unknown,Least Concern,False
62003,HOSP-1177,HOSP,Hot Springs,Galliformes,Phasianidae,Meleagris gallopavo silvestris,,Approved,Not Confirmed,Unknown,Unknown,Unknown,Least Concern,False
62013,HOSP-1187,HOSP,Hot Springs,Gruiformes,Rallidae,Rallus elegans elegans,,Approved,Not Present (False Report),Unknown,Unknown,Unknown,Least Concern,False
62016,HOSP-1190,HOSP,Hot Springs,Passeriformes,Alaudidae,Eremophila alpestris praticola,,Approved,Not Present (False Report),Unknown,Unknown,Unknown,Least Concern,False
62029,HOSP-1203,HOSP,Hot Springs,Passeriformes,Cardinalidae,Piranga rubra rubra,,Approved,Not Confirmed,Unknown,Unknown,Unknown,Least Concern,False
62033,HOSP-1207,HOSP,Hot Springs,Passeriformes,Corvidae,Corvus brachyrhynchos brachyrhynchos,,Approved,Not Confirmed,Unknown,Unknown,Unknown,Least Concern,False
62036,HOSP-1210,HOSP,Hot Springs,Passeriformes,Corvidae,Cyanocitta cristata bromia,,Approved,Not Confirmed,Unknown,Unknown,Unknown,Least Concern,False
62037,HOSP-1211,HOSP,Hot Springs,Passeriformes,Corvidae,Cyanocitta cristata cristata,,Approved,Not Confirmed,Unknown,Unknown,Unknown,Least Concern,False
62039,HOSP-1213,HOSP,Hot Springs,Passeriformes,Emberizidae,Aimophila aestivalis bachmani,,Approved,Not Present (False Report),Unknown,Unknown,Unknown,Least Concern,False
62046,HOSP-1220,HOSP,Hot Springs,Passeriformes,Emberizidae,Chondestes grammacus grammacus,,Approved,Not Confirmed,Unknown,Unknown,Unknown,Least Concern,False
62053,HOSP-1227,HOSP,Hot Springs,Passeriformes,Emberizidae,Melospiza melodia juddi,,Approved,Not Present (False Report),Unknown,Unknown,Unknown,Least Concern,False
62054,HOSP-1228,HOSP,Hot Springs,Passeriformes,Emberizidae,Melospiza melodia melodia,,Approved,Not Present (False Report),Unknown,Unknown,Unknown,Least Concern,False
62056,HOSP-1230,HOSP,Hot Springs,Passeriformes,Emberizidae,Passerculus sandwichensis savanna,,Approved,Not Present (False Report),Unknown,Unknown,Unknown,Least Concern,False
62058,HOSP-1232,HOSP,Hot Springs,Passeriformes,Emberizidae,Passerella iliaca iliaca,,Approved,Not Confirmed,Unknown,Unknown,Unknown,Least Concern,False
62063,HOSP-1237,HOSP,Hot Springs,Passeriformes,Emberizidae,Spizella arborea arborea,,Approved,Not Present (False Report),Unknown,Unknown,Unknown,Least Concern,False
62066,HOSP-1240,HOSP,Hot Springs,Passeriformes,Emberizidae,Spizella passerina passerina,,Approved,Not Confirmed,Unknown,Unknown,Unknown,Least Concern,False
62068,HOSP-1242,HOSP,Hot Springs,Passeriformes,Emberizidae,Spizella pusilla pusilla,,Approved,Not Confirmed,Unknown,Unknown,Unknown,Least Concern,False
62071,HOSP-1245,HOSP,Hot Springs,Passeriformes,Emberizidae,Zonotrichia leucophrys leucophrys,,Approved,Not Confirmed,Unknown,Unknown,Unknown,Least Concern,False
62076,HOSP-1250,HOSP,Hot Springs,Passeriformes,Fringillidae,Carpodacus purpureus purpureus,,Approved,Not Confirmed,Unknown,Unknown,Unknown,Least Concern,False
62083,HOSP-1257,HOSP,Hot Springs,Passeriformes,Hirundinidae,Progne subis subis,,Approved,Not Confirmed,Unknown,Unknown,Unknown,Least Concern,False
62085,HOSP-1259,HOSP,Hot Springs,Passeriformes,Hirundinidae,Riparia riparia riparia,,Approved,Not Confirmed,Unknown,Unknown,Unknown,Least Concern,False
62088,HOSP-1262,HOSP,Hot Springs,Passeriformes,Icteridae,Agelaius phoeniceus phoeniceus,,Approved,Not Confirmed,Unknown,Unknown,Unknown,Least Concern,False
62095,HOSP-1269,HOSP,Hot Springs,Passeriformes,Icteridae,Molothrus ater ater,,Approved,Not Confirmed,Unknown,Unknown,Unknown,Least Concern,False
62099,HOSP-1273,HOSP,Hot Springs,Passeriformes,Icteridae,Sturnella magna argutula,,Approved,Not Confirmed,Unknown,Unknown,Unknown,Least Concern,False
62106,HOSP-1280,HOSP,Hot Springs,Passeriformes,Mimidae,Mimus polyglottos polyglottos,,Approved,Not Confirmed,Unknown,Unknown,Unknown,Least Concern,False
62109,HOSP-1283,HOSP,Hot Springs,Passeriformes,Motacillidae,Anthus spinoletta rubescens,,Approved,Not Present (False Report),Unknown,Unknown,Unknown,Least Concern,False
62120,HOSP-1294,HOSP,Hot Springs,Passeriformes,Parulidae,Dendroica discolor discolor,,Approved,Not Confirmed,Unknown,Unknown,Unknown,Least Concern,False
62127,HOSP-1301,HOSP,Hot Springs,Passeriformes,Parulidae,Dendroica petechia aestiva,,Approved,Not Confirmed,Unknown,Unknown,Unknown,Least Concern,False
62129,HOSP-1303,HOSP,Hot Springs,Passeriformes,Parulidae,Dendroica pinus pinus,,Approved,Not Confirmed,Unknown,Unknown,Unknown,Least Concern,False
62133,HOSP-1307,HOSP,Hot Springs,Passeriformes,Parulidae,Dendroica virens virens,,Approved,Not Confirmed,Unknown,Unknown,Unknown,Least Concern,False
62135,HOSP-1309,HOSP,Hot Springs,Passeriformes,Parulidae,Geothlypis trichas brachidactylus,,Approved,Not Confirmed,Unknown,Unknown,Unknown,Least Concern,False
62136,HOSP-1310,HOSP,Hot Springs,Passeriformes,Parulidae,Geothlypis trichas trichas,,Approved,Not Confirmed,Unknown,Unknown,Unknown,Least Concern,False
62139,HOSP-1313,HOSP,Hot Springs,Passeriformes,Parulidae,Icteria virens virens,,Approved,Not Confirmed,Unknown,Unknown,Unknown,Least Concern,False
62152,HOSP-1326,HOSP,Hot Springs,Passeriformes,Parulidae,Vermivora celata celata,,Approved,Not Confirmed,Unknown,Unknown,Unknown,Least Concern,False
62158,HOSP-1332,HOSP,Hot Springs,Passeriformes,Parulidae,Vermivora ruficapilla ruficapilla,,Approved,Not Confirmed,Unknown,Unknown,Unknown,Least Concern,False
62162,HOSP-1336,HOSP,Hot Springs,Passeriformes,Parulidae,Wilsonia pusilla pusilla,,Approved,Not Present (False Report),Unknown,Unknown,Unknown,Least Concern,False
62165,HOSP-1339,HOSP,Hot Springs,Passeriformes,Polioptilidae,Polioptila caerulea caerulea,,Approved,Not Confirmed,Unknown,Unknown,Unknown,Least Concern,False
62169,HOSP-1343,HOSP,Hot Springs,Passeriformes,Regulidae,Regulus satrapa satrapa,,Approved,Not Confirmed,Unknown,Unknown,Unknown,Least Concern,False
62172,HOSP-1346,HOSP,Hot Springs,Passeriformes,Sittidae,Sitta carolinensis carolinensis,,Approved,Not Confirmed,Unknown,Unknown,Unknown,Least Concern,False
62175,HOSP-1349,HOSP,Hot Springs,Passeriformes,Sturnidae,Sturnus vulgaris vulgaris,,Approved,Not Confirmed,Unknown,Unknown,Unknown,Least Concern,False
62179,HOSP-1353,HOSP,Hot Springs,Passeriformes,Troglodytidae,Thryomanes bewickii bewickii,,Approved,Not Present (False Report),Unknown,Unknown,Unknown,Least Concern,False
62181,HOSP-1355,HOSP,Hot Springs,Passeriformes,Troglodytidae,Thryothorus ludovicianus ludovicianus,,Approved,Not Confirmed,Unknown,Unknown,Unknown,Least Concern,False
62183,HOSP-1357,HOSP,Hot Springs,Passeriformes,Troglodytidae,Troglodytes aedon parkmani,,Approved,Not Confirmed,Unknown,Unknown,Unknown,Least Concern,False
62185,HOSP-1359,HOSP,Hot Springs,Passeriformes,Troglodytidae,Troglodytes troglodytes hiemalis,,Approved,Not Confirmed,Unknown,Unknown,Unknown,Least Concern,False
62188,HOSP-1362,HOSP,Hot Springs,Passeriformes,Turdidae,Catharus guttatus faxoni,,Approved,Not Confirmed,Unknown,Unknown,Unknown,Least Concern,False
62191,HOSP-1365,HOSP,Hot Springs,Passeriformes,Turdidae,Catharus ustulatus swainsoni,,Approved,Not Confirmed,Unknown,Unknown,Unknown,Least Concern,False
62194,HOSP-1368,HOSP,Hot Springs,Passeriformes,Turdidae,Sialia sialis sialis,,Approved,Not Confirmed,Unknown,Unknown,Unknown,Least Concern,False
62196,HOSP-1370,HOSP,Hot Springs,Passeriformes,Turdidae,Turdus migratorius migratorius,,Approved,Not Confirmed,Unknown,Unknown,Unknown,Least Concern,False
62205,HOSP-1379,HOSP,Hot Springs,Passeriformes,Tyrannidae,Myiarchus crinitus boreus,,Approved,Not Confirmed,Unknown,Unknown,Unknown,Least Concern,False
62214,HOSP-1388,HOSP,Hot Springs,Passeriformes,Vireonidae,Vireo gilvus gilvus,,Approved,Not Present (False Report),Unknown,Unknown,Unknown,Least Concern,False
62216,HOSP-1390,HOSP,Hot Springs,Passeriformes,Vireonidae,Vireo griseus griseus,,Approved,Not Confirmed,Unknown,Unknown,Unknown,Least Concern,False
62220,HOSP-1394,HOSP,Hot Springs,Passeriformes,Vireonidae,Vireo solitarius solitarius,,Approved,Not Present (False Report),Unknown,Unknown,Unknown,Least Concern,False
62222,HOSP-1396,HOSP,Hot Springs,Pelecaniformes,Ardeidae,Ardea herodias herodias,,Approved,Not Confirmed,Unknown,Unknown,Unknown,Least Concern,False
62223,HOSP-1397,HOSP,Hot Springs,Pelecaniformes,Ardeidae,Ardea herodias wardi,,Approved,Not Confirmed,Unknown,Unknown,Unknown,Least Concern,False
62227,HOSP-1401,HOSP,Hot Springs,Pelecaniformes,Ardeidae,Butorides virescens virescens,,Approved,Not Present (False Report),Unknown,Unknown,Unknown,Least Concern,False
62229,HOSP-1403,HOSP,Hot Springs,Pelecaniformes,Ardeidae,Casmerodius albus egretta,,Approved,Not Confirmed,Unknown,Unknown,Unknown,Least Concern,False
62232,HOSP-1406,HOSP,Hot Springs,Pelecaniformes,Ardeidae,Hydranassa tricolor ruficollis,,Approved,Not Confirmed,Unknown,Unknown,Unknown,Least Concern,False
62239,HOSP-1413,HOSP,Hot Springs,Piciformes,Picidae,Colaptes auratus auratus,,Approved,Not Confirmed,Unknown,Unknown,Unknown,Least Concern,False
62251,HOSP-1425,HOSP,Hot Springs,Podicipediformes,Podicipedidae,Podilymbus podiceps podiceps,,Approved,Not Confirmed,Unknown,Unknown,Unknown,Least Concern,False
62256,HOSP-1430,HOSP,Hot Springs,Strigiformes,Strigidae,Bubo virginianus virginianus,,Approved,Not Confirmed,Unknown,Unknown,Unknown,Least Concern,False
62258,HOSP-1432,HOSP,Hot Springs,Strigiformes,Strigidae,Otus asio asio,,Approved,Not Confirmed,Unknown,Unknown,Unknown,Least Concern,False
62260,HOSP-1434,HOSP,Hot Springs,Strigiformes,Strigidae,Strix varia varia,,Approved,Not Confirmed,Unknown,Unknown,Unknown,Least Concern,False
62264,HOSP-1438,HOSP,Hot Springs,Suliformes,Phalacrocoracidae,Phalacrocorax auritus auritus,,Approved,Not Present (False Report),Unknown,Unknown,Unknown,Least Concern,False
78393,MORA-1073,MORA,Mount Rainier,Accipitriformes,Accipitridae,Aquila chrysaetos canadensis,,Approved,Present,Native,Uncommon,Breeder,Least Concern,False
78399,MORA-1079,MORA,Mount Rainier,Accipitriformes,Accipitridae,Haliaeetus leucocephalus alascanus,,Approved,Present,Native,Unknown,Migratory,Least Concern,False
78443,MORA-1123,MORA,Mount Rainier,Columbiformes,Columbidae,Patagioenas fasciata monilis,,Approved,Present,Native,Common,Breeder,Least Concern,False
78454,MORA-1134,MORA,Mount Rainier,Galliformes,Phasianidae,Lagopus leucura rainierensis,,Approved,Present,Native,Uncommon,Breeder,Under Review,True
78460,MORA-1140,MORA,Mount Rainier,Passeriformes,Alaudidae,Eremophila alpestris alpina,,Approved,Present,Native,Uncommon,Breeder,Least Concern,False
78502,MORA-1182,MORA,Mount Rainier,Passeriformes,Hirundinidae,Tachycineta thalassina lepida,,Approved,Present,Native,Common,Breeder,Least Concern,False
78518,MORA-1198,MORA,Mount Rainier,Passeriformes,Parulidae,Oporornis tolmiei tolmiei,,Approved,Present,Native,Common,Breeder,Least Concern,False
78533,MORA-1213,MORA,Mount Rainier,Passeriformes,Troglodytidae,Thryomanes bewickii calophonus,,Approved,Present,Native,Unknown,Unknown,Least Concern,False
78569,MORA-1249,MORA,Mount Rainier,Strigiformes,Strigidae,Megascops kennicottii kennicottii,,Approved,Present,Native,Unknown,Breeder,Least Concern,False
87810,REDW-1168,REDW,Redwood,Accipitriformes,Accipitridae,Buteo lineatus elegans,,In Review,Not Confirmed,Unknown,Unknown,Unknown,Least Concern,False
87882,REDW-1240,REDW,Redwood,Charadriiformes,Alcidae,Brachyramphus marmoratus maroratum,,In Review,Not Confirmed,Unknown,Unknown,Unknown,Least Concern,False
87893,REDW-1251,REDW,Redwood,Charadriiformes,Alcidae,Uria aalge californica,,In Review,Not Confirmed,Unknown,Unknown,Unknown,Least Concern,False
87990,REDW-1348,REDW,Redwood,Falconiformes,Falconidae,Falco columbarius bendirei,,In Review,Not Confirmed,Unknown,Unknown,Unknown,Least Concern,False
87992,REDW-1350,REDW,Redwood,Falconiformes,Falconidae,Falco columbarius richardsoni,,In Review,Not Confirmed,Unknown,Unknown,Unknown,Least Concern,False
88011,REDW-1369,REDW,Redwood,Gaviiformes,Gaviidae,Gavia arctica pacifica,,In Review,Not Confirmed,Unknown,Unknown,Unknown,Least Concern,False
88163,REDW-1521,REDW,Redwood,Passeriformes,Parulidae,Vermivora celata celata,,In Review,Not Confirmed,Unknown,Unknown,Unknown,Least Concern,False
88238,REDW-1596,REDW,Redwood,Pelecaniformes,Pelecanidae,Pelecanus occidentalis californicus,,In Review,Not Confirmed,Unknown,Unknown,Unknown,Least Concern,False
108305,WICA-1098,WICA,Wind Cave,Accipitriformes,Accipitridae,Circus cyaneus cyaneus,,In Review,Not Confirmed,Unknown,Unknown,Unknown,Least Concern,False
