species_code,order,family,scientific_name,common_name,raptor_group
0001,Accipitriformes,Accipitridae,Accipiter cooperii,Cooper's Hawk,Hawk
0002,Accipitriformes,Accipitridae,Accipiter gentilis,Northern Goshawk,Hawk
0003,Accipitriformes,Accipitridae,Accipiter gentilis atricapillus,Northern Goshawk (atricapillus subspecies),Hawk
0004,Accipitriformes,Accipitridae,Accipiter gentilis laingi,Northern Goshawk (laingi subspecies),Hawk
0005,Accipitriformes,Accipitridae,Accipiter striatus,Sharp-Shinned Hawk,Hawk
0006,Accipitriformes,Accipitridae,Accipiter striatus velox,Sharp-Shinned Hawk (velox subspecies),Hawk
0007,Passeriformes,Sturnidae,Acridotheres tristis,Common Myna,N/A
0008,Charadriiformes,Scolopacidae,Actitis hypoleucos,Common Sandpiper,N/A
0009,Charadriiformes,Scolopacidae,Actitis macularius,Spotted Sandpiper,N/A
0010,Podicipediformes,Podicipedidae,Aechmophorus clarkii,Clark's Grebe,N/A
0011,Podicipediformes,Podicipedidae,Aechmophorus occidentalis,Western Grebe,N/A
0012,Strigiformes,Strigidae,Aegolius acadicus,Northern Saw-Whet Owl,Owl
0013,Strigiformes,Strigidae,Aegolius funereus,Boreal Owl,Owl
0014,Apodiformes,Apodidae,Aeronautes saxatalis,White-Throated Swift,N/A
0015,Apodiformes,Apodidae,Aeronautes saxatalis saxatalis,White-Throated Swift (saxatalis subspecies),N/A
0016,Charadriiformes,Alcidae,Aethia cristatella,Crested Auklet,N/A
0017,Charadriiformes,Alcidae,Aethia psittacula,Parakeet Auklet,N/A
0018,Charadriiformes,Alcidae,Aethia pusilla,Least Auklet,N/A
0019,Passeriformes,Icteridae,Agelaius phoeniceus,Red-Winged Blackbird,N/A
0020,Passeriformes,Icteridae,Agelaius phoeniceus caurinus,Red-Winged Blackbird (caurinus subspecies),N/A
0021,Passeriformes,Icteridae,Agelaius phoeniceus nevadensis,Red-Winged Blackbird (nevadensis subspecies),N/A
0022,Passeriformes,Icteridae,Agelaius phoeniceus phoeniceus,Red-Winged Blackbird (phoeniceus subspecies),N/A
0023,Passeriformes,Icteridae,Agelaius tricolor,Tricolored Blackbird,N/A
0024,Passeriformes,Emberizidae,Aimophila aestivalis,Bachman's Sparrow,N/A
0025,Passeriformes,Emberizidae,Aimophila aestivalis bachmani,Bachman's Sparrow (bachmani subspecies),N/A
0026,Passeriformes,Emberizidae,Aimophila carpalis,Rufous-Winged Sparrow,N/A
0027,Passeriformes,Emberizidae,Aimophila cassinii,Cassin's Sparrow,N/A
0028,Passeriformes,Emberizidae,Aimophila ruficeps,Rufous-Crowned Sparrow,N/A
0029,Passeriformes,Emberizidae,Aimophila ruficeps scottii,Rufous-Crowned Sparrow (scottii subspecies),N/A
0030,Anseriformes,Anatidae,Aix sponsa,Wood Duck,N/A
0031,Passeriformes,Alaudidae,Alauda arvensis,Eurasian Sky Lark,N/A
0032,Charadriiformes,Alcidae,Alca torda,"Northern Razor-Billed Auk, Razorbill",N/A
0033,Galliformes,Phasianidae,Alectoris chukar,Chukar,N/A
0034,Galliformes,Phasianidae,Alectoris graeca,Rock Partridge,N/A
0035,Charadriiformes,Alcidae,Alle alle,Dovekie,N/A
0036,Anseriformes,Anatidae,Alopochen aegyptiaca,Egyptian Goose,N/A
0037,Apodiformes,Trochilidae,Amazilia beryllina,Berylline Hummingbird,N/A
0038,Apodiformes,Trochilidae,Amazilia violiceps,Violet-Crowned Hummingbird,N/A
0039,Passeriformes,Emberizidae,Ammodramus bairdii,Baird's Sparrow,N/A
0040,Passeriformes,Emberizidae,Ammodramus caudacutus,"Saltmarsh Sharp-Tailed Sparrow, Saltmarsh Sparrow",N/A
0041,Passeriformes,Emberizidae,Ammodramus henslowii,Henslow's Sparrow,N/A
0042,Passeriformes,Emberizidae,Ammodramus leconteii,Le Conte's Sparrow,N/A
0043,Passeriformes,Emberizidae,Ammodramus maritimus,Seaside Sparrow,N/A
0044,Passeriformes,Emberizidae,Ammodramus maritimus mirabilis,Seaside Sparrow (mirabilis subspecies),N/A
0045,Passeriformes,Emberizidae,Ammodramus nelsoni,Nelson's Sharp-Tailed Sparrow,N/A
0046,Passeriformes,Emberizidae,Ammodramus savannarum,Grasshopper Sparrow,N/A
0047,Passeriformes,Emberizidae,Ammodramus savannarum perpallidus,Grasshopper Sparrow (perpallidus subspecies),N/A
0048,Passeriformes,Emberizidae,Amphispiza belli,Sage Sparrow,N/A
0049,Passeriformes,Emberizidae,Amphispiza belli belli,Sage Sparrow (belli subspecies),N/A
0050,Passeriformes,Emberizidae,Amphispiza bilineata,Black-Throated Sparrow,N/A
0051,Passeriformes,Emberizidae,Amphispiza bilineata deserticola,Black-Throated Sparrow (deserticola subspecies),N/A
0052,Anseriformes,Anatidae,Anas acuta,Northern Pintail,N/A
0053,Anseriformes,Anatidae,Anas americana,American Wigeon,N/A
0054,Anseriformes,Anatidae,Anas bahamensis,White-Cheeked Pintail,N/A
0055,Anseriformes,Anatidae,Anas clypeata,Northern Shoveler,N/A
0056,Anseriformes,Anatidae,Anas crecca,Green-Winged Teal,N/A
0057,Anseriformes,Anatidae,Anas crecca carolinensis,Green-Winged Teal (carolinensis subspecies),N/A
0058,Anseriformes,Anatidae,Anas cyanoptera,Cinnamon Teal,N/A
0059,Anseriformes,Anatidae,Anas discors,Blue-Winged Teal,N/A
0060,Anseriformes,Anatidae,Anas fulvigula,Mottled Duck,N/A
0061,Anseriformes,Anatidae,Anas penelope,Eurasian Wigeon,N/A
0062,Anseriformes,Anatidae,Anas platyrhynchos,Mallard,N/A
0063,Anseriformes,Anatidae,Anas platyrhynchos platyrhynchos,Mallard (platyrhynchos subspecies),N/A
0064,Anseriformes,Anatidae,Anas querquedula,Garganey,N/A
0065,Anseriformes,Anatidae,Anas rubripes,American Black Duck,N/A
0066,Anseriformes,Anatidae,Anas rubripes X platyrhynchos,American Black Duck (platyrhynchos subspecies),N/A
0067,Anseriformes,Anatidae,Anas strepera,Gadwall,N/A
0068,Anseriformes,Anatidae,Anas wyvilliana,"Hawaiian Duck, Koloa",N/A
0069,Suliformes,Anhingidae,Anhinga anhinga,Anhinga,N/A
0070,Charadriiformes,Laridae,Anous minutus,Black Noddy,N/A
0071,Charadriiformes,Laridae,Anous minutus melanogenys,Black Noddy (melanogenys subspecies),N/A
0072,Charadriiformes,Laridae,Anous stolidus,Brown Noddy,N/A
0073,Anseriformes,Anatidae,Anser albifrons,Greater White-Fronted Goose,N/A
0074,Anseriformes,Anatidae,Anser albifrons flavirostris,Greater White-Fronted Goose (flavirostris subspecies),N/A
0075,Passeriformes,Motacillidae,Anthus cervinus,Red-Throated Pipit,N/A
0076,Passeriformes,Motacillidae,Anthus rubescens,American Pipit,N/A
0077,Passeriformes,Motacillidae,Anthus rubescens japonicus,American Pipit (japonicus subspecies),N/A
0078,Passeriformes,Motacillidae,Anthus spinoletta,Water Pipit,N/A
0079,Passeriformes,Motacillidae,Anthus spinoletta rubescens,Water Pipit (rubescens subspecies),N/A
0080,Passeriformes,Motacillidae,Anthus spragueii,Sprague's Pipit,N/A
0081,Passeriformes,Corvidae,Aphelocoma californica,Western Scrub-Jay,N/A
0082,Passeriformes,Corvidae,Aphelocoma coerulescens,Scrub Jay,N/A
0083,Passeriformes,Corvidae,Aphelocoma coerulescens californica,Scrub Jay (californica subspecies),N/A
0084,Passeriformes,Corvidae,Aphelocoma coerulescens nevadae,Scrub Jay (nevadae subspecies),N/A
0085,Passeriformes,Corvidae,Aphelocoma insularis,Island Scrub Jay,N/A
0086,Passeriformes,Corvidae,Aphelocoma ultramarina,Mexican Jay,N/A
0087,Passeriformes,Corvidae,Aphelocoma woodhouseii,Woodhouse's Scrub-Jay,N/A
0088,Charadriiformes,Scolopacidae,Aphriza virgata,Surfbird,N/A
0089,Accipitriformes,Accipitridae,Aquila chrysaetos,Golden Eagle,Eagle
0090,Accipitriformes,Accipitridae,Aquila chrysaetos canadensis,Golden Eagle (canadensis subspecies),Eagle
0091,Gruiformes,Aramidae,Aramus guarauna,Limpkin,N/A
0092,Apodiformes,Trochilidae,Archilochus alexandri,Black-Chinned Hummingbird,N/A
0093,Apodiformes,Trochilidae,Archilochus colubris,Ruby-Throated Hummingbird,N/A
0094,Pelecaniformes,Ardeidae,Ardea alba,Great Egret,N/A
0095,Pelecaniformes,Ardeidae,Ardea herodias,Great Blue Heron,N/A
0096,Pelecaniformes,Ardeidae,Ardea herodias herodias,Great Blue Heron (herodias subspecies),N/A
0097,Pelecaniformes,Ardeidae,Ardea herodias occidentalis,Great Blue Heron (occidentalis subspecies),N/A
0098,Pelecaniformes,Ardeidae,Ardea herodias wardi,Great Blue Heron (wardi subspecies),N/A
0099,Charadriiformes,Scolopacidae,Arenaria interpres,Ruddy Turnstone,N/A
0100,Charadriiformes,Scolopacidae,Arenaria melanocephala,Black Turnstone,N/A
0101,Passeriformes,Emberizidae,Artemisiospiza nevadensis,Sagebrush Sparrow,N/A
0102,Strigiformes,Strigidae,Asio flammeus,Short-Eared Owl,Owl
0103,Strigiformes,Strigidae,Asio flammeus sandwichensis,Short-Eared Owl (sandwichensis subspecies),Owl
0104,Strigiformes,Strigidae,Asio otus,Long-Eared Owl,Owl
0105,Strigiformes,Strigidae,Athene cunicularia,Burrowing Owl,Owl
0106,Strigiformes,Strigidae,Athene cunicularia hypugaea,Burrowing Owl (hypugaea subspecies),Owl
0107,Passeriformes,Remizidae,Auriparus flaviceps,Verdin,N/A
0108,Anseriformes,Anatidae,Aythya affinis,Lesser Scaup,N/A
0109,Anseriformes,Anatidae,Aythya americana,Redhead,N/A
0110,Anseriformes,Anatidae,Aythya collaris,Ring-Necked Duck,N/A
0111,Anseriformes,Anatidae,Aythya fuligula,Tufted Duck,N/A
0112,Anseriformes,Anatidae,Aythya marila,Greater Scaup,N/A
0113,Anseriformes,Anatidae,Aythya valisineria,Canvasback,N/A
0114,Passeriformes,Paridae,Baeolophus atricristatus,Black-Crested Titmouse,N/A
0115,Passeriformes,Paridae,Baeolophus bicolor,Tufted Titmouse,N/A
0116,Passeriformes,Paridae,Baeolophus inornatus,Oak Titmouse,N/A
0117,Passeriformes,Paridae,Baeolophus ridgwayi,Juniper Titmouse,N/A
0118,Passeriformes,Paridae,Baeolophus ridgwayi ridgwayi,Juniper Titmouse (ridgwayi subspecies),N/A
0119,Passeriformes,Paridae,Baeolophus wollweberi,Bridled Titmouse,N/A
0120,Charadriiformes,Scolopacidae,Bartramia longicauda,Upland Sandpiper,N/A
0121,Passeriformes,Parulidae,Basileuterus rufifrons,Rufous-Capped Warbler,N/A
0122,Passeriformes,Bombycillidae,Bombycilla cedrorum,Cedar Waxwing,N/A
0123,Passeriformes,Bombycillidae,Bombycilla garrulus,Bohemian Waxwing,N/A
0124,Galliformes,Phasianidae,Bonasa umbellus,Ruffed Grouse,N/A
0125,Galliformes,Phasianidae,Bonasa umbellus castanea,Ruffed Grouse (castanea subspecies),N/A
0126,Galliformes,Phasianidae,Bonasa umbellus sabini,Ruffed Grouse (sabini subspecies),N/A
0127,Pelecaniformes,Ardeidae,Botaurus lentiginosus,American Bittern,N/A
0128,Charadriiformes,Alcidae,Brachyramphus brevirostris,Kittlitz's Murrelet,N/A
0129,Charadriiformes,Alcidae,Brachyramphus marmoratus,Marbled Murrelet,N/A
0130,Charadriiformes,Alcidae,Brachyramphus marmoratus marmoratus,Marbled Murrelet (marmoratus subspecies),N/A
0131,Charadriiformes,Alcidae,Brachyramphus marmoratus maroratum,Marbled Murrelet (maroratum subspecies),N/A
0132,Charadriiformes,Alcidae,Brachyrampus brevirostris,Ktiilitz's Murrelet,N/A
0133,Anseriformes,Anatidae,Branta bernicla,Brant,N/A
0134,Anseriformes,Anatidae,Branta canadensis,Canada Goose,N/A
0135,Anseriformes,Anatidae,Branta canadensis canadensis,Canada Goose (canadensis subspecies),N/A
0136,Anseriformes,Anatidae,Branta canadensis fulva,Canada Goose (fulva subspecies),N/A
0137,Anseriformes,Anatidae,Branta canadensis leucopareia,Canada Goose (leucopareia subspecies),N/A
0138,Anseriformes,Anatidae,Branta canadensis occidentalis,Canada Goose (occidentalis subspecies),N/A
0139,Anseriformes,Anatidae,Branta hutchinsii,Cackling Goose,N/A
0140,Anseriformes,Anatidae,Branta sandvicensis,"Hawaiian Goose, Nene",N/A
0141,Psittaciformes,Psittacidae,Brotogeris versicolurus,"Canary-Winged Parakeet, White-Winged Parakeet",N/A
0142,Strigiformes,Strigidae,Bubo scandiacus,Snowy Owl,Owl
0143,Strigiformes,Strigidae,Bubo virginianus,Great Horned Owl,Owl
0144,Strigiformes,Strigidae,Bubo virginianus pacificus,Great Horned Owl (pacificus subspecies),Owl
0145,Strigiformes,Strigidae,Bubo virginianus pallescens,Great Horned Owl (pallescens subspecies),Owl
0146,Strigiformes,Strigidae,Bubo virginianus virginianus,Great Horned Owl (virginianus subspecies),Owl
0147,Pelecaniformes,Ardeidae,Bubulcus ibis,Cattle Egret,N/A
0148,Anseriformes,Anatidae,Bucephala albeola,Bufflehead,N/A
0149,Anseriformes,Anatidae,Bucephala clangula,Common Goldeneye,N/A
0150,Anseriformes,Anatidae,Bucephala clangula americana,Common Goldeneye (americana subspecies),N/A
0151,Anseriformes,Anatidae,Bucephala islandica,Barrow's Goldeneye,N/A
0152,Procellariiformes,Procellariidae,Bulweria bulwerii,Bulwer's Petrel,N/A
0153,Accipitriformes,Accipitridae,Buteo albicaudatus,White-Tailed Hawk,Hawk
0154,Accipitriformes,Accipitridae,Buteo albonotatus,Zone-Tailed Hawk,Hawk
0155,Accipitriformes,Accipitridae,Buteo brachyurus,Short-Tailed Hawk,Hawk
0156,Accipitriformes,Accipitridae,Buteo jamaicensis,Red-Tailed Hawk,Hawk
0157,Accipitriformes,Accipitridae,Buteo jamaicensis borealis,Red-Tailed Hawk (borealis subspecies),Hawk
0158,Accipitriformes,Accipitridae,Buteo jamaicensis calurus,Red-Tailed Hawk (calurus subspecies),Hawk
0159,Accipitriformes,Accipitridae,Buteo jamaicensis harlani,Red-Tailed Hawk (harlani subspecies),Hawk
0160,Accipitriformes,Accipitridae,Buteo jamaicensis kriderii,Red-Tailed Hawk (kriderii subspecies),Hawk
0161,Accipitriformes,Accipitridae,Buteo lagopus,Rough-Legged Hawk,Hawk
0162,Accipitriformes,Accipitridae,Buteo lineatus,Red-Shouldered Hawk,Hawk
0163,Accipitriformes,Accipitridae,Buteo lineatus elegans,Red-Shouldered Hawk (elegans subspecies),Hawk
0164,Accipitriformes,Accipitridae,Buteo lineatus lineatus,Red-Shouldered Hawk (lineatus subspecies),Hawk
0165,Accipitriformes,Accipitridae,Buteo nitidus,Gray Hawk,Hawk
0166,Accipitriformes,Accipitridae,Buteo platypterus,Broad-Winged Hawk,Hawk
0167,Accipitriformes,Accipitridae,Buteo regalis,Ferruginous Hawk,Hawk
0168,Accipitriformes,Accipitridae,Buteo solitarius,"ʻIo, Hawaiian Hawk",Hawk
0169,Accipitriformes,Accipitridae,Buteo swainsoni,Swainson's Hawk,Hawk
0170,Accipitriformes,Accipitridae,Buteogallus anthracinus,Common Black-Hawk,Hawk
0171,Pelecaniformes,Ardeidae,Butorides striatus,Green-Backed Heron,N/A
0172,Pelecaniformes,Ardeidae,Butorides virescens,Green Heron,N/A
0173,Pelecaniformes,Ardeidae,Butorides virescens virescens,Green Heron (virescens subspecies),N/A
0174,Passeriformes,Emberizidae,Calamospiza melanocorys,Lark Bunting,N/A
0175,Passeriformes,Calcariidae,Calcarius lapponicus,Lapland Longspur,N/A
0176,Passeriformes,Calcariidae,Calcarius mccownii,Mccown's Longspur,N/A
0177,Passeriformes,Calcariidae,Calcarius ornatus,Chestnut-Collared Longspur,N/A
0178,Passeriformes,Calcariidae,Calcarius pictus,Smith's Longspur,N/A
0179,Charadriiformes,Scolopacidae,Calidris acuminata,Sharp-Tailed Sandpiper,N/A
0180,Charadriiformes,Scolopacidae,Calidris alba,Sanderling,N/A
0181,Charadriiformes,Scolopacidae,Calidris alpina,Dunlin,N/A
0182,Charadriiformes,Scolopacidae,Calidris bairdii,Baird's Sandpiper,N/A
0183,Charadriiformes,Scolopacidae,Calidris canutus,Red Knot,N/A
0184,Charadriiformes,Scolopacidae,Calidris ferruginea,Curlew Sandpiper,N/A
0185,Charadriiformes,Scolopacidae,Calidris fuscicollis,White-Rumped Sandpiper,N/A
0186,Charadriiformes,Scolopacidae,Calidris himantopus,Stilt Sandpiper,N/A
0187,Charadriiformes,Scolopacidae,Calidris maritima,Purple Sandpiper,N/A
0188,Charadriiformes,Scolopacidae,Calidris mauri,Western Sandpiper,N/A
0189,Charadriiformes,Scolopacidae,Calidris melanotos,Pectoral Sandpiper,N/A
0190,Charadriiformes,Scolopacidae,Calidris minutilla,Least Sandpiper,N/A
0191,Charadriiformes,Scolopacidae,Calidris ptilocnemis,Rock Sandpiper,N/A
0192,Charadriiformes,Scolopacidae,Calidris pusilla,Semipalmated Sandpiper,N/A
0193,Charadriiformes,Scolopacidae,Calidris ruficollis,Red-Necked Stint,N/A
0194,Galliformes,Odontophoridae,Callipepla californica,California Quail,N/A
0195,Galliformes,Odontophoridae,Callipepla gambelii,Gambel's Quail,N/A
0196,Galliformes,Odontophoridae,Callipepla squamata,Scaled Quail,N/A
0197,Procellariiformes,Procellariidae,Calonectris diomedea,Cory's Shearwater,N/A
0198,Apodiformes,Trochilidae,Calothorax lucifer,Lucifer Hummingbird,N/A
0199,Apodiformes,Trochilidae,Calypte anna,Anna's Hummingbird,N/A
0200,Apodiformes,Trochilidae,Calypte costae,Costa's Hummingbird,N/A
0201,Psittaciformes,Psittacidae,Calyptorhynchus funereus,Yellow-Tailed Black Cockatoo,N/A
0202,Piciformes,Picidae,Campephilus principalis,Ivory-Billed Woodpecker,N/A
0203,Anseriformes,Anatidae,Camptorhynchus labradorius,Labrador Duck,N/A
0204,Passeriformes,Tyrannidae,Camptostoma imberbe,Northern Beardless-Tyrannulet,N/A
0205,Passeriformes,Troglodytidae,Campylorhynchus brunneicapillus,Cactus Wren,N/A
0206,Caprimulgiformes,Caprimulgidae,Caprimulgus carolinensis,Chuck-Will's-Widow,N/A
0207,Caprimulgiformes,Caprimulgidae,Caprimulgus vociferus,Whip-Poor-Will,N/A
0208,Caprimulgiformes,Caprimulgidae,Caprimulgus vociferus arizonae,Whip-Poor-Will (arizonae subspecies),N/A
0209,Caprimulgiformes,Caprimulgidae,Caprimulgus vociferus vociferus,Whip-Poor-Will (vociferus subspecies),N/A
0210,Falconiformes,Falconidae,Caracara cheriway,Crested Caracara,Caracara
0211,Passeriformes,Parulidae,Cardellina pusilla chryseola,Wilson's Warbler,N/A
0212,Passeriformes,Parulidae,Cardellina pusilla pusilla,Wilson's Warbler,N/A
0213,Passeriformes,Parulidae,Cardellina rubrifrons,Red-Faced Warbler,N/A
0214,Passeriformes,Cardinalidae,Cardinalis cardinalis,Northern Cardinal,N/A
0215,Passeriformes,Cardinalidae,Cardinalis sinuatus,Pyrrhuloxia,N/A
0216,Passeriformes,Fringillidae,Carduelis flammea,Common Redpoll,N/A
0217,Passeriformes,Fringillidae,Carduelis hornemanni,Hoary Redpoll,N/A
0218,Passeriformes,Fringillidae,Carduelis lawrencei,Lawrence's Goldfinch,N/A
0219,Passeriformes,Fringillidae,Carduelis pinus,Pine Siskin,N/A
0220,Passeriformes,Fringillidae,Carduelis pinus pinus,Pine Siskin (pinus subspecies),N/A
0221,Passeriformes,Fringillidae,Carduelis pinus vagans,Pine Siskin (vagans subspecies),N/A
0222,Passeriformes,Fringillidae,Carduelis psaltria,Lesser Goldfinch,N/A
0223,Passeriformes,Fringillidae,Carduelis tristis,American Goldfinch,N/A
0224,Passeriformes,Fringillidae,Carpodacus cassinii,Cassin's Finch,N/A
0225,Passeriformes,Fringillidae,Carpodacus cassinii cassinii,Cassin's Finch (cassinii subspecies),N/A
0226,Passeriformes,Fringillidae,Carpodacus mexicanus,House Finch,N/A
0227,Passeriformes,Fringillidae,Carpodacus mexicanus solitudinis,House Finch (solitudinis subspecies),N/A
0228,Passeriformes,Fringillidae,Carpodacus mexicanus solitudinus,House Finch (solitudinus subspecies),N/A
0229,Passeriformes,Fringillidae,Carpodacus purpureus,Purple Finch,N/A
0230,Passeriformes,Fringillidae,Carpodacus purpureus californicus,Purple Finch (californicus subspecies),N/A
0231,Passeriformes,Fringillidae,Carpodacus purpureus purpureus,Purple Finch (purpureus subspecies),N/A
0232,Pelecaniformes,Ardeidae,Casmerodius albus egretta,Great Egret (egretta subspecies),N/A
0233,Charadriiformes,Stercorariidae,Catharacta skua,Great Skua,N/A
0234,Accipitriformes,Cathartidae,Cathartes aura,Turkey Vulture,Vulture
0235,Accipitriformes,Cathartidae,Cathartes aura septentrionalis,Turkey Vulture (septentrionalis subspecies),Vulture
0236,Passeriformes,Turdidae,Catharus bicknelli,Bicknell's Thrush,N/A
0237,Passeriformes,Turdidae,Catharus fuscescens,Veery,N/A
0238,Passeriformes,Turdidae,Catharus guttatus,Hermit Thrush,N/A
0239,Passeriformes,Turdidae,Catharus guttatus auduboni,Hermit Thrush (auduboni subspecies),N/A
0240,Passeriformes,Turdidae,Catharus guttatus faxoni,Hermit Thrush (faxoni subspecies),N/A
0241,Passeriformes,Turdidae,Catharus guttatus guttatus,Hermit Thrush (guttatus subspecies),N/A
0242,Passeriformes,Turdidae,Catharus guttatus polionutus,Hermit Thrush (polionutus subspecies),N/A
0243,Passeriformes,Turdidae,Catharus minimus,Gray-Cheeked Thrush,N/A
0244,Passeriformes,Turdidae,Catharus ustulatus,Swainson's Thrush,N/A
0245,Passeriformes,Turdidae,Catharus ustulatus swainsoni,Swainson's Thrush (swainsoni subspecies),N/A
0246,Passeriformes,Turdidae,Catharus ustulatus ustulatus,Swainson's Thrush (ustulatus subspecies),N/A
0247,Passeriformes,Troglodytidae,Catherpes mexicanus,Canyon Wren,N/A
0248,Charadriiformes,Scolopacidae,Catoptrophorus semipalmatus,Willet,N/A
0249,Charadriiformes,Scolopacidae,Catoptrophorus semipalmatus inornatus,Willet (inornatus subspecies),N/A
0250,Galliformes,Phasianidae,Centrocercus minimus,Gunnison Sage-Grouse,N/A
0251,Galliformes,Phasianidae,Centrocercus urophasianus,Greater Sage-Grouse,N/A
0252,Charadriiformes,Alcidae,Cepphus columba,Pigeon Guillemot,N/A
0253,Charadriiformes,Alcidae,Cepphus grylle,Black Guillemot,N/A
0254,Charadriiformes,Alcidae,Cerorhinca monocerata,Rhinoceros Auklet,N/A
0255,Passeriformes,Certhiidae,Certhia americana,Brown Creeper,N/A
0256,Passeriformes,Certhiidae,Certhia americana montana,Brown Creeper (montana subspecies),N/A
0257,Passeriformes,Certhiidae,Certhia familiaris,Eurasian Treecreeper,N/A
0258,Coraciiformes,Alcedinidae,Ceryle alcyon,Belted Kingfisher,N/A
0259,Coraciiformes,Alcedinidae,Ceryle torquata,Ringed Kingfisher,N/A
0260,Passeriformes,Mohoidae,Chaetoptila angustipluma,Kioea,N/A
0261,Apodiformes,Apodidae,Chaetura pelagica,Chimney Swift,N/A
0262,Apodiformes,Apodidae,Chaetura vauxi,Vaux's Swift,N/A
0263,Passeriformes,Sylviidae,Chamaea fasciata,Wrentit,N/A
0264,Passeriformes,Sylviidae,Chamaea fasciata henshawi,Wrentit (henshawi subspecies),N/A
0265,Charadriiformes,Charadriidae,Charadrius alexandrinus,Snowy Plover,N/A
0266,Charadriiformes,Charadriidae,Charadrius alexandrinus nivosus,Snowy Plover (nivosus subspecies),N/A
0267,Charadriiformes,Charadriidae,Charadrius hiaticula,Common Ringed Plover,N/A
0268,Charadriiformes,Charadriidae,Charadrius melodus,Piping Plover,N/A
0269,Charadriiformes,Charadriidae,Charadrius montanus,Mountain Plover,N/A
0270,Charadriiformes,Charadriidae,Charadrius morinellus,Eurasian Dotterel,N/A
0271,Charadriiformes,Charadriidae,Charadrius semipalmatus,Semipalmated Plover,N/A
0272,Charadriiformes,Charadriidae,Charadrius vociferus,Killdeer,N/A
0273,Charadriiformes,Charadriidae,Charadrius vociferus vociferus,Killdeer (vociferus subspecies),N/A
0274,Charadriiformes,Charadriidae,Charadrius wilsonia,Wilson's Plover,N/A
0275,Passeriformes,Monarchidae,Chasiempis sandwichensis,HawaiʻI ʻElepaio,N/A
0276,Anseriformes,Anatidae,Chen caerulescens,Snow Goose,N/A
0277,Anseriformes,Anatidae,Chen canagica,Emperor Goose,N/A
0278,Anseriformes,Anatidae,Chen rossii,Ross' Goose,N/A
0279,Charadriiformes,Laridae,Chlidonias niger,Black Tern,N/A
0280,Coraciiformes,Alcedinidae,Chloroceryle americana,Green Kingfisher,N/A
0281,Passeriformes,Fringillidae,Chlorodrepanis virens virens,Hawaii Amakihi,N/A
0282,Passeriformes,Fringillidae,Chlorodrepanis virens wilsoni,Maui Amakihi,N/A
0283,Passeriformes,Emberizidae,Chondestes grammacus,Lark Sparrow,N/A
0284,Passeriformes,Emberizidae,Chondestes grammacus grammacus,Lark Sparrow (grammacus subspecies),N/A
0285,Passeriformes,Emberizidae,Chondestes grammacus strigatus,Lark Sparrow (strigatus subspecies),N/A
0286,Caprimulgiformes,Caprimulgidae,Chordeiles acutipennis,Lesser Nighthawk,N/A
0287,Caprimulgiformes,Caprimulgidae,Chordeiles gundlachii,Antillean Nighthawk,N/A
0288,Caprimulgiformes,Caprimulgidae,Chordeiles minor,Common Nighthawk,N/A
0289,Caprimulgiformes,Caprimulgidae,Chordeiles minor henryi,Common Nighthawk (henryi subspecies),N/A
0290,Caprimulgiformes,Caprimulgidae,Chordeiles minor hesperis,Common Nighthawk (hesperis subspecies),N/A
0291,Caprimulgiformes,Caprimulgidae,Chordeiles minor minor,Common Nighthawk (minor subspecies),N/A
0292,Passeriformes,Cinclidae,Cinclus mexicanus,American Dipper,N/A
0293,Passeriformes,Cinclidae,Cinclus mexicanus unicolor,American Dipper (unicolor subspecies),N/A
0294,Accipitriformes,Accipitridae,Circus cyaneus,Northern Harrier,Harrier
0295,Accipitriformes,Accipitridae,Circus cyaneus cyaneus,Northern Harrier (cyaneus subspecies),Harrier
0296,Accipitriformes,Accipitridae,Circus cyaneus hudsonius,Northern Harrier (hudsonius subspecies),Harrier
0297,Passeriformes,Fringillidae,Ciridops anna,ʻUla-ʻAi-Hawane,N/A
0298,Passeriformes,Troglodytidae,Cistothorus palustris,Marsh Wren,N/A
0299,Passeriformes,Troglodytidae,Cistothorus platensis,Sedge Wren,N/A
0300,Anseriformes,Anatidae,Clangula hyemalis,Long-Tailed Duck,N/A
0301,Passeriformes,Fringillidae,Coccothraustes vespertinus,Evening Grosbeak,N/A
0302,Passeriformes,Fringillidae,Coccothraustes vespertinus brooksi,Evening Grosbeak (brooksi subspecies),N/A
0303,Cuculiformes,Cuculidae,Coccyzus americanus,Yellow-Billed Cuckoo,N/A
0304,Cuculiformes,Cuculidae,Coccyzus erythropthalmus,Black-Billed Cuckoo,N/A
0305,Cuculiformes,Cuculidae,Coccyzus minor,Mangrove Cuckoo,N/A
0306,Passeriformes,Coerebidae,Coereba flaveola,Bananaquit,N/A
0307,Piciformes,Picidae,Colaptes auratus,Northern Flicker,N/A
0308,Piciformes,Picidae,Colaptes auratus auratus,Northern Flicker (auratus subspecies),N/A
0309,Piciformes,Picidae,Colaptes auratus cafer,Northern Flicker (cafer subspecies),N/A
0310,Piciformes,Picidae,Colaptes auratus collaris,Northern Flicker (collaris subspecies),N/A
0311,Piciformes,Picidae,Colaptes auratus luteus,Northern Flicker (luteus subspecies),N/A
0312,Piciformes,Picidae,Colaptes chrysoides,Gilded Flicker,N/A
0313,Galliformes,Odontophoridae,Colinus virginianus,Northern Bobwhite,N/A
0314,Galliformes,Odontophoridae,Colinus virginianus virginianus,Northern Bobwhite (virginianus subspecies),N/A
0315,Columbiformes,Columbidae,Columba livia,Rock Pigeon,N/A
0316,Columbiformes,Columbidae,Columbina inca,Inca Dove,N/A
0317,Columbiformes,Columbidae,Columbina passerina,Common Ground-Dove,N/A
0318,Columbiformes,Columbidae,Columbina talpacoti,Ruddy Ground-Dove,N/A
0319,Passeriformes,Tyrannidae,Contopus caribaeus,Cuban Pewee,N/A
0320,Passeriformes,Tyrannidae,Contopus cooperi,Olive-Sided Flycatcher,N/A
0321,Passeriformes,Tyrannidae,Contopus pertinax,Greater Pewee,N/A
0322,Passeriformes,Tyrannidae,Contopus sordidulus,Western Wood-Pewee,N/A
0323,Passeriformes,Tyrannidae,Contopus sordidulus saturatus,Western Wood-Pewee (saturatus subspecies),N/A
0324,Passeriformes,Tyrannidae,Contopus sordidulus veliei,Western Wood-Pewee (veliei subspecies),N/A
0325,Passeriformes,Tyrannidae,Contopus virens,Eastern Wood-Pewee,N/A
0326,Galliformes,Tetraonidae,Controcercus urophasianus,Sage Grouse,N/A
0327,Accipitriformes,Cathartidae,Coragyps atratus,Black Vulture,Vulture
0328,Passeriformes,Corvidae,Corvus brachyrhynchos,American Crow,N/A
0329,Passeriformes,Corvidae,Corvus brachyrhynchos brachyrhynchos,American Crow (brachyrhynchos subspecies),N/A
0330,Passeriformes,Corvidae,Corvus caurinus,Northwestern Crow,N/A
0331,Passeriformes,Corvidae,Corvus corax,Common Raven,N/A
0332,Passeriformes,Corvidae,Corvus corax sinuatus,Common Raven (sinuatus subspecies),N/A
0333,Passeriformes,Corvidae,Corvus cryptoleucus,Chihuahuan Raven,N/A
0334,Passeriformes,Corvidae,Corvus hawaiiensis,ʻAlala,N/A
0335,Passeriformes,Corvidae,Corvus ossifragus,Fish Crow,N/A
0336,Gruiformes,Rallidae,Coturnicops noveboracensis,Yellow Rail,N/A
0337,Galliformes,Phasianidae,Coturnix japonica,Japanese Quail,N/A
0338,Passeriformes,Fringillidae,Crithagra mozambica,Yellow-Fronted Canary,N/A
0339,Cuculiformes,Cuculidae,Crotophaga ani,Smooth-Billed Ani,N/A
0340,Cuculiformes,Cuculidae,Crotophaga sulcirostris,Groove-Billed Ani,N/A
0341,Strigiformes,Strigidae,Cryptoglaux acadica acadica,Saw-Whet Owl,Owl
0342,Passeriformes,Corvidae,Cyanocitta cristata,Blue Jay,N/A
0343,Passeriformes,Corvidae,Cyanocitta cristata bromia,Blue Jay (bromia subspecies),N/A
0344,Passeriformes,Corvidae,Cyanocitta cristata cristata,Blue Jay (cristata subspecies),N/A
0345,Passeriformes,Corvidae,Cyanocitta stelleri,Steller's Jay,N/A
0346,Passeriformes,Corvidae,Cyanocitta stelleri frontalis,Steller's Jay (frontalis subspecies),N/A
0347,Passeriformes,Corvidae,Cyanocitta stelleri macrolopha,Steller's Jay (macrolopha subspecies),N/A
0348,Anseriformes,Anatidae,Cygnus atratus,Black Swan,N/A
0349,Anseriformes,Anatidae,Cygnus buccinator,Trumpeter Swan,N/A
0350,Anseriformes,Anatidae,Cygnus columbianus,Tundra Swan,N/A
0351,Anseriformes,Anatidae,Cygnus columbianus columbianus,Tundra Swan (columbianus subspecies),N/A
0352,Anseriformes,Anatidae,Cygnus cygnus,Whooper Swan,N/A
0353,Anseriformes,Anatidae,Cygnus olor,Mute Swan,N/A
0354,Apodiformes,Trochilidae,Cynanthus latirostris,Broad-Billed Hummingbird,N/A
0355,Apodiformes,Apodidae,Cypseloides niger,Black Swift,N/A
0356,Galliformes,Odontophoridae,Cyrtonyx montezumae,Montezuma Quail,N/A
0357,Galliformes,Phasianidae,Dendragapus fuliginosus,Sooty Grouse,N/A
0358,Galliformes,Phasianidae,Dendragapus obscurus,Blue Grouse,N/A
0359,Galliformes,Phasianidae,Dendragapus obscurus fuliginosus,Blue Grouse (fuliginosus subspecies),N/A
0360,Galliformes,Phasianidae,Dendragapus obscurus obscurus,Blue Grouse (obscurus subspecies),N/A
0361,Galliformes,Phasianidae,Dendragapus obscurus oreinus,Blue Grouse (oreinus subspecies),N/A
0362,Anseriformes,Anatidae,Dendrocygna autumnalis,Black-Bellied Whistling-Duck,N/A
0363,Anseriformes,Anatidae,Dendrocygna bicolor,Fulvous Whistling-Duck,N/A
0364,Passeriformes,Parulidae,Dendroica aestiva brewsteri,California Yellow Warbler,N/A
0365,Passeriformes,Parulidae,Dendroica auduboni,"Audubon's Warbler, Yellow-Rumped Warbler",N/A
0366,Passeriformes,Parulidae,Dendroica caerulescens,Black-Throated Blue Warbler,N/A
0367,Passeriformes,Parulidae,Dendroica castanea,Bay-Breasted Warbler,N/A
0368,Passeriformes,Parulidae,Dendroica cerulea,Cerulean Warbler,N/A
0369,Passeriformes,Parulidae,Dendroica chrysoparia,Golden-Cheeked Warbler,N/A
0370,Passeriformes,Parulidae,Dendroica coronata,Yellow-Rumped Warbler,N/A
0371,Passeriformes,Parulidae,Dendroica coronata auduboni,Yellow-Rumped Warbler (Audubon's Subspecies),N/A
0372,Passeriformes,Parulidae,Dendroica coronata coronata,Yellow-Rumped Warbler (Myrtle),N/A
0373,Passeriformes,Parulidae,Dendroica coronata memorabilis,Yellow-Rumped Warbler (memorabilis subspecies),N/A
0374,Passeriformes,Parulidae,Dendroica discolor,Prairie Warbler,N/A
0375,Passeriformes,Parulidae,Dendroica discolor discolor,Prairie Warbler (discolor subspecies),N/A
0376,Passeriformes,Parulidae,Dendroica discolor paludicola,Prairie Warbler (paludicola subspecies),N/A
0377,Passeriformes,Parulidae,Dendroica dominica,Yellow-Throated Warbler,N/A
0378,Passeriformes,Parulidae,Dendroica fusca,Blackburnian Warbler,N/A
0379,Passeriformes,Parulidae,Dendroica graciae,Grace's Warbler,N/A
0380,Passeriformes,Parulidae,Dendroica kirtlandii,Kirtland's Warbler,N/A
0381,Passeriformes,Parulidae,Dendroica magnolia,Magnolia Warbler,N/A
0382,Passeriformes,Parulidae,Dendroica nigrescens,Black-Throated Gray Warbler,N/A
0383,Passeriformes,Parulidae,Dendroica occidentalis,Hermit Warbler,N/A
0384,Passeriformes,Parulidae,Dendroica palmarum,Palm Warbler,N/A
0385,Passeriformes,Parulidae,Dendroica pensylvanica,Chestnut-Sided Warbler,N/A
0386,Passeriformes,Parulidae,Dendroica petechia,Yellow Warbler,N/A
0387,Passeriformes,Parulidae,Dendroica petechia aestiva,Yellow Warbler (aestiva subspecies),N/A
0388,Passeriformes,Parulidae,Dendroica pinus,Pine Warbler,N/A
0389,Passeriformes,Parulidae,Dendroica pinus pinus,Pine Warbler (pinus subspecies),N/A
0390,Passeriformes,Parulidae,Dendroica striata,Blackpoll Warbler,N/A
0391,Passeriformes,Parulidae,Dendroica tigrina,Cape May Warbler,N/A
0392,Passeriformes,Parulidae,Dendroica townsendi,Townsend's Warbler,N/A
0393,Passeriformes,Parulidae,Dendroica virens,Black-Throated Green Warbler,N/A
0394,Passeriformes,Parulidae,Dendroica virens virens,Black-Throated Green Warbler (virens subspecies),N/A
0395,Procellariiformes,Diomedeidae,Diomedea chlororhynchos,Yellow-Nosed Albatross,N/A
0396,Procellariiformes,Diomedeidae,Diomedea immutabilis,Laysan Albatross,N/A
0397,Passeriformes,Icteridae,Dolichonyx oryzivorus,Bobolink,N/A
0398,Passeriformes,Fringillidae,Drepanis coccinea,'I'Iwi,N/A
0399,Passeriformes,Fringillidae,Drepanis pacifica,HawaiʻI Mamo,N/A
0400,Piciformes,Picidae,Dryocopus pileatus,Pileated Woodpecker,N/A
0401,Piciformes,Picidae,Dryocopus pileatus abieticola,Pileated Woodpecker (abieticola subspecies),N/A
0402,Passeriformes,Mimidae,Dumetella carolinensis,Gray Catbird,N/A
0403,Columbiformes,Columbidae,Ectopistes migratorius,Passenger Pigeon,N/A
0404,Pelecaniformes,Ardeidae,Egretta caerulea,Little Blue Heron,N/A
0405,Pelecaniformes,Ardeidae,Egretta rufescens,Reddish Egret,N/A
0406,Pelecaniformes,Ardeidae,Egretta thula,Snowy Egret,N/A
0407,Pelecaniformes,Ardeidae,Egretta tricolor,Tricolored Heron,N/A
0408,Accipitriformes,Accipitridae,Elanoides forficatus,Swallow-Tailed Kite,Kite
0409,Accipitriformes,Accipitridae,Elanoides forficatus forficatus,Swallow-Tailed Kite (forficatus subspecies),Kite
0410,Accipitriformes,Accipitridae,Elanus leucurus,White-Tailed Kite,Kite
0411,Passeriformes,Emberizidae,Emberiza rustica,Rustic Bunting,N/A
0412,Passeriformes,Tyrannidae,Empidonax alnorum,Alder Flycatcher,N/A
0413,Passeriformes,Tyrannidae,Empidonax difficilis,Pacific-Slope Flycatcher,N/A
0414,Passeriformes,Tyrannidae,Empidonax difficilis difficilis,Pacific-Slope Flycatcher (difficilis subspecies),N/A
0415,Passeriformes,Tyrannidae,Empidonax flaviventris,Yellow-Bellied Flycatcher,N/A
0416,Passeriformes,Tyrannidae,Empidonax fulvifrons,Buff-Breasted Flycatcher,N/A
0417,Passeriformes,Tyrannidae,Empidonax hammondii,Hammond's Flycatcher,N/A
0418,Passeriformes,Tyrannidae,Empidonax minimus,Least Flycatcher,N/A
0419,Passeriformes,Tyrannidae,Empidonax oberholseri,Dusky Flycatcher,N/A
0420,Passeriformes,Tyrannidae,Empidonax occidentalis,Cordilleran Flycatcher,N/A
0421,Passeriformes,Tyrannidae,Empidonax occidentalis hellmayri,Cordilleran Flycatcher (hellmayri subspecies),N/A
0422,Passeriformes,Tyrannidae,Empidonax traillii,Willow Flycatcher,N/A
0423,Passeriformes,Tyrannidae,Empidonax traillii brewsteri,Willow Flycatcher (brewsteri subspecies),N/A
0424,Passeriformes,Tyrannidae,Empidonax traillii extimus,Willow Flycatcher (extimus subspecies),N/A
0425,Passeriformes,Tyrannidae,Empidonax virescens,Acadian Flycatcher,N/A
0426,Passeriformes,Tyrannidae,Empidonax wrightii,Gray Flycatcher,N/A
0427,Passeriformes,Alaudidae,Eremophila alpestris,Horned Lark,N/A
0428,Passeriformes,Alaudidae,Eremophila alpestris alpina,Horned Lark (alpina subspecies),N/A
0429,Passeriformes,Alaudidae,Eremophila alpestris enthymia,Horned Lark (enthymia subspecies),N/A
0430,Passeriformes,Alaudidae,Eremophila alpestris leucolaema,Horned Lark (leucolaema subspecies),N/A
0431,Passeriformes,Alaudidae,Eremophila alpestris merrilli,Horned Lark (merrilli subspecies),N/A
0432,Passeriformes,Alaudidae,Eremophila alpestris occidentalis,Horned Lark (occidentalis subspecies),N/A
0433,Passeriformes,Alaudidae,Eremophila alpestris praticola,Horned Lark (praticola subspecies),N/A
0434,Passeriformes,Estrildidae,Estrilda astrild,Common Waxbill,N/A
0435,Passeriformes,Estrildidae,Estrilda caerulescens,Lavender Waxbill,N/A
0436,Pelecaniformes,Threskiornithidae,Eudocimus albus,White Ibis,N/A
0437,Pelecaniformes,Threskiornithidae,Eudocimus ruber,Scarlet Ibis,N/A
0438,Apodiformes,Trochilidae,Eugenes fulgens,Magnificent Hummingbird,N/A
0439,Passeriformes,Estrildidae,Euodice cantans,African Silverbill,N/A
0440,Passeriformes,Icteridae,Euphagus carolinus,Rusty Blackbird,N/A
0441,Passeriformes,Icteridae,Euphagus cyanocephalus,Brewer's Blackbird,N/A
0442,Passeriformes,Parulidae,Euthlypis lachrymosa,Fan-Tailed Warbler,N/A
0443,Galliformes,Phasianidae,Falcipennis canadensis,Spruce Grouse,N/A
0444,Falconiformes,Falconidae,Falco columbarius,Merlin,Falcon
0445,Falconiformes,Falconidae,Falco columbarius bendirei,Merlin (bendirei subspecies),Falcon
0446,Falconiformes,Falconidae,Falco columbarius columbarius,Merlin (Tundra Subspecies),Falcon
0447,Falconiformes,Falconidae,Falco columbarius richardsoni,Merlin (richardsoni subspecies),Falcon
0448,Falconiformes,Falconidae,Falco columbarius richardsonii,Merlin (richardsonii subspecies),Falcon
0449,Falconiformes,Falconidae,Falco columbarius suckleyi,Merlin (Coastal Forest Subspecies),Falcon
0450,Falconiformes,Falconidae,Falco femoralis,Aplomado Falcon,Falcon
0451,Falconiformes,Falconidae,Falco mexicanus,Prairie Falcon,Falcon
0452,Falconiformes,Falconidae,Falco peregrinum anatum,Peregrine Falcon (anatum subspecies),Falcon
0453,Falconiformes,Falconidae,Falco peregrinus,Peregrine Falcon,Falcon
0454,Falconiformes,Falconidae,Falco peregrinus anatum,Peregrine Falcon (anatum subspecies),Falcon
0455,Falconiformes,Falconidae,Falco peregrinus pealei,Peregrine Falcon (pealei subspecies),Falcon
0456,Falconiformes,Falconidae,Falco peregrinus tundrius,Peregrine Falcon (tundrius subspecies),Falcon
0457,Falconiformes,Falconidae,Falco rusticolus,Gyrfalcon,Falcon
0458,Falconiformes,Falconidae,Falco sparverius,American Kestrel,Kestrel
0459,Falconiformes,Falconidae,Falco sparverius sparverius,American Kestrel (sparverius subspecies),Kestrel
0460,Galliformes,Phasianidae,Francolinus erckelii,Erckel's Francolin,N/A
0461,Galliformes,Phasianidae,Francolinus pondicerianus,Gray Francolin,N/A
0462,Charadriiformes,Alcidae,Fratercula arctica,Atlantic Puffin,N/A
0463,Charadriiformes,Alcidae,Fratercula cirrhata,Tufted Puffin,N/A
0464,Charadriiformes,Alcidae,Fratercula corniculata,Horned Puffin,N/A
0465,Suliformes,Fregatidae,Fregata magnificens,Magnificent Frigatebird,N/A
0466,Suliformes,Fregatidae,Fregata minor,"`Iwa, Great Frigatebird, Iwa",N/A
0467,Suliformes,Fregatidae,Fregata minor palmerstoni,"`Iwa, Great Frigatebird, Iwa (palmerstoni subspecies)",N/A
0468,Passeriformes,Fringillidae,Fringilla montifringilla,Brambling,N/A
0469,Gruiformes,Rallidae,Fulica americana,American Coot,N/A
0470,Gruiformes,Rallidae,Fulica americana americana,American Coot (americana subspecies),N/A
0471,Gruiformes,Rallidae,Fulica caribaea,Caribbean Coot,N/A
0472,Procellariiformes,Procellariidae,Fulmarus glacialis,Northern Fulmar,N/A
0473,Charadriiformes,Scolopacidae,Gallinago delicata,Wilson's Snipe,N/A
0474,Charadriiformes,Scolopacidae,Gallinago gallinago,Common Snipe,N/A
0475,Charadriiformes,Scolopacidae,Gallinago gallinago delicata,Common Snipe (delicata subspecies),N/A
0476,Gruiformes,Rallidae,Gallinula chloropus,Common Moorhen,N/A
0477,Gruiformes,Rallidae,Gallinula chloropus cachinnans,Common Moorhen (cachinnans subspecies),N/A
0478,Gruiformes,Rallidae,Gallinula galeata,Common Gallinule,N/A
0479,Galliformes,Phasianidae,Gallus gallus,"Moa, Red Junglefowl",N/A
0480,Passeriformes,Leiothrichidae,Garrulax canorus,Chinese Hwamei,N/A
0481,Gaviiformes,Gaviidae,Gavia adamsii,Yellow-Billed Loon,N/A
0482,Gaviiformes,Gaviidae,Gavia arctica,Arctic Loon,N/A
0483,Gaviiformes,Gaviidae,Gavia arctica pacifica,Arctic Loon (pacifica subspecies),N/A
0484,Gaviiformes,Gaviidae,Gavia immer,Common Loon,N/A
0485,Gaviiformes,Gaviidae,Gavia pacifica,Pacific Loon,N/A
0486,Gaviiformes,Gaviidae,Gavia stellata,Red-Throated Loon,N/A
0487,Cuculiformes,Cuculidae,Geococcyx californianus,Greater Roadrunner,N/A
0488,Columbiformes,Columbidae,Geopelia striata,Zebra Dove,N/A
0489,Passeriformes,Parulidae,Geothlypis trichas,Common Yellowthroat,N/A
0490,Passeriformes,Parulidae,Geothlypis trichas brachidactylus,Common Yellowthroat (brachidactylus subspecies),N/A
0491,Passeriformes,Parulidae,Geothlypis trichas campicola,Common Yellowthroat (campicola subspecies),N/A
0492,Passeriformes,Parulidae,Geothlypis trichas trichas,Common Yellowthroat (trichas subspecies),N/A
0493,Columbiformes,Columbidae,Geotrygon chrysia,Key West Quail-Dove,N/A
0494,Columbiformes,Columbidae,Geotrygon montana,Ruddy Quail-Dove,N/A
0495,Strigiformes,Strigidae,Glaucidium brasilianum,Ferruginous Pygmy-Owl,Owl
0496,Strigiformes,Strigidae,Glaucidium gnoma,"Mountain Pygmy Owl, Northern Pygmy-Owl",Owl
0497,Strigiformes,Strigidae,Glaucidium gnoma grinnelli,Northern Pygmy Owl,Owl
0498,Passeriformes,Sturnidae,Gracula religiosa,Hill Myna,N/A
0499,Gruiformes,Gruidae,Grus americana,Whooping Crane,N/A
0500,Gruiformes,Gruidae,Grus canadensis,Sandhill Crane,N/A
0501,Charadriiformes,Laridae,Gygis alba rothschildi,"Manu-O-Ku, White Tern",N/A
0502,Accipitriformes,Cathartidae,Gymnogyps californianus,California Condor,Condor
0503,Passeriformes,Corvidae,Gymnorhinus cyanocephalus,Pinyon Jay,N/A
0504,Charadriiformes,Haematopodidae,Haematopus bachmani,Black Oystercatcher,N/A
0505,Charadriiformes,Haematopodidae,Haematopus palliatus,American Oystercatcher,N/A
0506,Passeriformes,Fringillidae,Haemorhous mexicanus frontalis,House Finch,N/A
0507,Passeriformes,Fringillidae,Haemorhous purpureus californicus,Purple Finch,N/A
0508,Accipitriformes,Accipitridae,Haliaeetus leucocephalus,Bald Eagle,Eagle
0509,Accipitriformes,Accipitridae,Haliaeetus leucocephalus alascanus,Bald Eagle (alascanus subspecies),Eagle
0510,Accipitriformes,Accipitridae,Haliaeetus leucocephalus leucocephalus,Bald Eagle (leucocephalus subspecies),Eagle
0511,Passeriformes,Parulidae,Helmitheros vermivorum,Worm-Eating Warbler,N/A
0512,Passeriformes,Fringillidae,Hemignathus lucidus affinis,"Maui Nukupu`U, Nukupu`U",N/A
0513,Passeriformes,Fringillidae,Hemignathus obscurus obscurus,Hawai'i 'Akialoa,N/A
0514,Passeriformes,Fringillidae,Hemignathus wilsoni,ʻAkiap l ʻAu,N/A
0515,Passeriformes,Fringillidae,Hesperiphona vespertina brooksi,Evening Grosbeak,N/A
0516,Passeriformes,Fringillidae,Hesperiphona vespertina montana,Evening Grosbeak,N/A
0517,Charadriiformes,Scolopacidae,Heteroscelus brevipes,"Gray-Tailed Tattler, Grey-Tailed Tattler",N/A
0518,Charadriiformes,Recurvirostridae,Himantopus mexicanus,Black-Necked Stilt,N/A
0519,Passeriformes,Fringillidae,Himatione sanguinea,ʻApapane,N/A
0520,Passeriformes,Hirundinidae,Hirundo erythrogaster,American Barn Swallow,N/A
0521,Passeriformes,Hirundinidae,Hirundo rustica,Barn Swallow,N/A
0522,Passeriformes,Hirundinidae,Hirundo rustica erythrogaster,Barn Swallow (erythrogaster subspecies),N/A
0523,Anseriformes,Anatidae,Histrionicus histrionicus,Harlequin Duck,N/A
0524,Passeriformes,Cettiidae,Horornis diphone,Japanese Bush-Warbler,N/A
0525,Apodiformes,Trochilidae,Hylocharis leucotis,White-Eared Hummingbird,N/A
0526,Passeriformes,Turdidae,Hylocichla guttata auduboni,"Audubon Hermit Thrush, Audubon's Hermit Thrush",N/A
0527,Passeriformes,Turdidae,Hylocichla mustelina,Wood Thrush,N/A
0528,Passeriformes,Parulidae,Icteria virens,Yellow-Breasted Chat,N/A
0529,Passeriformes,Parulidae,Icteria virens virens,Yellow-Breasted Chat (virens subspecies),N/A
0530,Passeriformes,Icteridae,Icterus bullockii,Bullock's Oriole,N/A
0531,Passeriformes,Icteridae,Icterus cucullatus,Hooded Oriole,N/A
0532,Passeriformes,Icteridae,Icterus galbula,"Baltimore Oriole, Northern Oriole",N/A
0533,Passeriformes,Icteridae,Icterus galbula bullockii,Baltimore Oriole (bullockii subspecies),N/A
0534,Passeriformes,Icteridae,Icterus parisorum,Scott's Oriole,N/A
0535,Passeriformes,Icteridae,Icterus pectoralis,Spot-Breasted Oriole,N/A
0536,Passeriformes,Icteridae,Icterus pustulatus,Streak-Backed Oriole,N/A
0537,Passeriformes,Icteridae,Icterus spurius,Orchard Oriole,N/A
0538,Passeriformes,Icteridae,Icterus wagleri,Black-Vented Oriole,N/A
0539,Accipitriformes,Accipitridae,Ictinia mississippiensis,Mississippi Kite,Kite
0540,Pelecaniformes,Ardeidae,Ixobrychus exilis,Least Bittern,N/A
0541,Pelecaniformes,Ardeidae,Ixobrychus exilis hesperis,Least Bittern (hesperis subspecies),N/A
0542,Passeriformes,Turdidae,Ixoreus naevius,Varied Thrush,N/A
0543,Passeriformes,Turdidae,Ixoreus naevius naevius,Varied Thrush (naevius subspecies),N/A
0544,Passeriformes,Emberizidae,Junco hyemalis,Dark-Eyed Junco,N/A
0545,Passeriformes,Emberizidae,Junco hyemalis aikeni,Dark-Eyed Junco (aikeni subspecies),N/A
0546,Passeriformes,Emberizidae,Junco hyemalis caniceps,Dark-Eyed Junco (Gray-Headed),N/A
0547,Passeriformes,Emberizidae,Junco hyemalis cismontanus,Dark-Eyed Junco (Cassiar),N/A
0548,Passeriformes,Emberizidae,Junco hyemalis dorsalis,Dark-Eyed Junco (Red-Backed),N/A
0549,Passeriformes,Emberizidae,Junco hyemalis hyemalis,Dark-Eyed Junco (Slate-Colored),N/A
0550,Passeriformes,Emberizidae,Junco hyemalis mearnsi,Dark-Eyed Junco (Pink-Sided),N/A
0551,Passeriformes,Emberizidae,Junco hyemalis oreganus,Dark-Eyed Junco (Oregon),N/A
0552,Passeriformes,Emberizidae,Junco hyemalis shufeldti,Dark-Eyed Junco (shufeldti subspecies),N/A
0553,Passeriformes,Emberizidae,Junco hyemalis thurberi,Dark-Eyed Junco (thurberi subspecies),N/A
0554,Passeriformes,Emberizidae,Junco oreganus,Oregon Junco,N/A
0555,Passeriformes,Emberizidae,Junco oreganus thurberi,Oregon Junco (thurberi subspecies),N/A
0556,Passeriformes,Emberizidae,Junco phaeonotus,Yellow-Eyed Junco,N/A
0557,Galliformes,Phasianidae,Lagopus lagopus,Willow Ptarmigan,N/A
0558,Galliformes,Phasianidae,Lagopus leucura,White-Tailed Ptarmigan,N/A
0559,Galliformes,Phasianidae,Lagopus leucura rainierensis,White-Tailed Ptarmigan (rainierensis subspecies),N/A
0560,Galliformes,Phasianidae,Lagopus muta,Rock Ptarmigan,N/A
0561,Apodiformes,Trochilidae,Lampornis clemenciae,Blue-Throated Hummingbird,N/A
0562,Passeriformes,Laniidae,Lanius excubitor,Northern Shrike,N/A
0563,Passeriformes,Laniidae,Lanius ludovicianus,Loggerhead Shrike,N/A
0564,Passeriformes,Laniidae,Lanius ludovicianus excubitorides,Loggerhead Shrike (excubitorides subspecies),N/A
0565,Passeriformes,Laniidae,Lanius ludovicianus migrans,Loggerhead Shrike (migrans subspecies),N/A
0566,Charadriiformes,Laridae,Larus argentatus,Herring Gull,N/A
0567,Charadriiformes,Laridae,Larus argentatus smithsonianus,Herring Gull (smithsonianus subspecies),N/A
0568,Charadriiformes,Laridae,Larus atricilla,Laughing Gull,N/A
0569,Charadriiformes,Laridae,Larus californicus,California Gull,N/A
0570,Charadriiformes,Laridae,Larus canus,Mew Gull,N/A
0571,Charadriiformes,Laridae,Larus delawarensis,Ring-Billed Gull,N/A
0572,Charadriiformes,Laridae,Larus fuscus,Lesser Black-Backed Gull,N/A
0573,Charadriiformes,Laridae,Larus glaucescens,Glaucous-Winged Gull,N/A
0574,Charadriiformes,Laridae,Larus glaucoides,Iceland Gull,N/A
0575,Charadriiformes,Laridae,Larus heermanni,Heermann's Gull,N/A
0576,Charadriiformes,Laridae,Larus hyperboreus,Glaucous Gull,N/A
0577,Charadriiformes,Laridae,Larus marinus,Great Black-Backed Gull,N/A
0578,Charadriiformes,Laridae,Larus minutus,Little Gull,N/A
0579,Charadriiformes,Laridae,Larus occidentalis,Western Gull,N/A
0580,Charadriiformes,Laridae,Larus occidentalis X glaucescens,Olympic Gull,N/A
0581,Charadriiformes,Laridae,Larus philadelphia,Bonaparte's Gull,N/A
0582,Charadriiformes,Laridae,Larus pipixcan,Franklin's Gull,N/A
0583,Charadriiformes,Laridae,Larus ridibundus,"Black-Headed Gull, Common Black-Headed Gull",N/A
0584,Charadriiformes,Laridae,Larus schistisagus,Slaty-Backed Gull,N/A
0585,Charadriiformes,Laridae,Larus thayeri,Thayer's Gull,N/A
0586,Gruiformes,Rallidae,Laterallus jamaicensis,Black Rail,N/A
0587,Passeriformes,Tyrannidae,Legatus leucophaius,Piratic Flycatcher,N/A
0588,Passeriformes,Parulidae,Leiothlypis celata orestera,Orange-Crowned Warbler (orestera subspecies),N/A
0589,Passeriformes,Leiothrichidae,Leiothrix lutea,Red-Billed Leiothrix,N/A
0590,Columbiformes,Columbidae,Leptotila verreauxi,White-Tipped Dove,N/A
0591,Passeriformes,Fringillidae,Leucosticte arctoa,Rosy Finch,N/A
0592,Passeriformes,Fringillidae,Leucosticte atrata,Black Rosy-Finch,N/A
0593,Passeriformes,Fringillidae,Leucosticte australis,Brown-Capped Rosy-Finch,N/A
0594,Passeriformes,Fringillidae,Leucosticte tephrocotis,Gray-Crowned Rosy-Finch,N/A
0595,Passeriformes,Fringillidae,Leucosticte tephrocotis littoralis,Gray-Crowned Rosy-Finch (littoralis subspecies),N/A
0596,Charadriiformes,Scolopacidae,Limnodromus griseus,Short-Billed Dowitcher,N/A
0597,Charadriiformes,Scolopacidae,Limnodromus scolopaceus,Long-Billed Dowitcher,N/A
0598,Passeriformes,Parulidae,Limnothlypis swainsonii,Swainson's Warbler,N/A
0599,Charadriiformes,Scolopacidae,Limosa fedoa,Marbled Godwit,N/A
0600,Charadriiformes,Scolopacidae,Limosa haemastica,Hudsonian Godwit,N/A
0601,Charadriiformes,Scolopacidae,Limosa lapponica,Bar-Tailed Godwit,N/A
0602,Charadriiformes,Scolopacidae,Limosa limosa,Black-Tailed Godwit,N/A
0603,Passeriformes,Estrildidae,Lonchura malabarica,"Indian Silverbill, Warbling Silverbill",N/A
0604,Passeriformes,Estrildidae,Lonchura oryzivora,Java Sparrow,N/A
0605,Passeriformes,Estrildidae,Lonchura punctulata,Scaly-Breasted Munia,N/A
0606,Anseriformes,Anatidae,Lophodytes cucullatus,Hooded Merganser,N/A
0607,Galliformes,Phasianidae,Lophura leucomelanos,Kalij Pheasant,N/A
0608,Passeriformes,Fringillidae,Loxia curvirostra,Red Crossbill,N/A
0609,Passeriformes,Fringillidae,Loxia curvirostra bendirei,Red Crossbill (bendirei subspecies),N/A
0610,Passeriformes,Fringillidae,Loxia curvirostra grinnelli,Red Crossbill (grinnelli subspecies),N/A
0611,Passeriformes,Fringillidae,Loxia curvirostra minor,Red Crossbill (minor subspecies),N/A
0612,Passeriformes,Fringillidae,Loxia curvirostra stricklandi,Red Crossbill (stricklandi subspecies),N/A
0613,Passeriformes,Fringillidae,Loxia leucoptera,White-Winged Crossbill,N/A
0614,Passeriformes,Fringillidae,Loxops coccineus,Hawaii ʻAkepa,N/A
0615,Passeriformes,Fringillidae,Loxops mana,HawaiʻI Creeper,N/A
0616,Passeriformes,Fringillidae,Loxops ochraceus,Maui ʻAkepa,N/A
0617,Strigiformes,Strigidae,Megascops asio,Eastern Screech-Owl,Owl
0618,Strigiformes,Strigidae,Megascops asio bendirei,Eastern Screech-Owl (bendirei subspecies),Owl
0619,Strigiformes,Strigidae,Megascops kennicottii,Western Screech-Owl,Owl
0620,Strigiformes,Strigidae,Megascops kennicottii kennicottii,Western Screech-Owl (kennicottii subspecies),Owl
0621,Strigiformes,Strigidae,Megascops trichopsis,"Whiskered Screech Owl, Whiskered Screech-Owl",Owl
0622,Piciformes,Picidae,Melanerpes aurifrons,Golden-Fronted Woodpecker,N/A
0623,Piciformes,Picidae,Melanerpes carolinus,Red-Bellied Woodpecker,N/A
0624,Piciformes,Picidae,Melanerpes erythrocephalus,Red-Headed Woodpecker,N/A
0625,Piciformes,Picidae,Melanerpes formicivorus,Acorn Woodpecker,N/A
0626,Piciformes,Picidae,Melanerpes formicivorus bairdi,Acorn Woodpecker (bairdi subspecies),N/A
0627,Piciformes,Picidae,Melanerpes lewis,Lewis' Woodpecker,N/A
0628,Piciformes,Picidae,Melanerpes uropygialis,Gila Woodpecker,N/A
0629,Anseriformes,Anatidae,Melanitta fusca,White-Winged Scoter,N/A
0630,Anseriformes,Anatidae,Melanitta nigra,Black Scoter,N/A
0631,Anseriformes,Anatidae,Melanitta perspicillata,Surf Scoter,N/A
0632,Galliformes,Phasianidae,Meleagris gallopavo,Wild Turkey,N/A
0633,Galliformes,Phasianidae,Meleagris gallopavo intermedia,Wild Turkey (intermedia subspecies),N/A
0634,Galliformes,Phasianidae,Meleagris gallopavo merriami,Wild Turkey (merriami subspecies),N/A
0635,Galliformes,Phasianidae,Meleagris gallopavo silvestris,Wild Turkey (silvestris subspecies),N/A
0636,Psittaciformes,Psittacidae,Melopsittacus undulatus,Budgerigar,N/A
0637,Passeriformes,Emberizidae,Melospiza georgiana,Swamp Sparrow,N/A
0638,Passeriformes,Emberizidae,Melospiza lincolnii,Lincoln's Sparrow,N/A
0639,Passeriformes,Emberizidae,Melospiza lincolnii alticola,Lincoln's Sparrow (alticola subspecies),N/A
0640,Passeriformes,Emberizidae,Melospiza lincolnii lincolnii,Lincoln's Sparrow (lincolnii subspecies),N/A
0641,Passeriformes,Emberizidae,Melospiza melodia,Song Sparrow,N/A
0642,Passeriformes,Emberizidae,Melospiza melodia fallax,Song Sparrow (fallax subspecies),N/A
0643,Passeriformes,Emberizidae,Melospiza melodia juddi,Song Sparrow (juddi subspecies),N/A
0644,Passeriformes,Emberizidae,Melospiza melodia melodia,Song Sparrow (melodia subspecies),N/A
0645,Passeriformes,Emberizidae,Melospiza melodia montana,Song Sparrow (montana subspecies),N/A
0646,Passeriformes,Emberizidae,Melospiza melodia morphna,Song Sparrow (morphna subspecies),N/A
0647,Passeriformes,Emberizidae,Melozone aberti,Abert's Towhee,N/A
0648,Anseriformes,Anatidae,Mergus merganser,Common Merganser,N/A
0649,Anseriformes,Anatidae,Mergus merganser americanus,Common Merganser (americanus subspecies),N/A
0650,Anseriformes,Anatidae,Mergus serrator,Red-Breasted Merganser,N/A
0651,Strigiformes,Strigidae,Micrathene whitneyi,Elf Owl,Owl
0652,Passeriformes,Mimidae,Mimus gundlachii,Bahama Mockingbird,N/A
0653,Passeriformes,Mimidae,Mimus polyglottos,Northern Mockingbird,N/A
0654,Passeriformes,Mimidae,Mimus polyglottos polyglottos,Northern Mockingbird (polyglottos subspecies),N/A
0655,Passeriformes,Tyrannidae,Mitrephanes phaeocercus,Tufted Flycatcher,N/A
0656,Passeriformes,Parulidae,Mniotilta varia,Black-And-White Warbler,N/A
0657,Passeriformes,Mohoidae,Moho nobilis,HawaiʻI  OʻO,N/A
0658,Passeriformes,Icteridae,Molothrus aeneus,Bronzed Cowbird,N/A
0659,Passeriformes,Icteridae,Molothrus ater,Brown-Headed Cowbird,N/A
0660,Passeriformes,Icteridae,Molothrus ater ater,Brown-Headed Cowbird (ater subspecies),N/A
0661,Passeriformes,Icteridae,Molothrus ater obscurus,Brown-Headed Cowbird (obscurus subspecies),N/A
0662,Passeriformes,Icteridae,Molothrus bonariensis,Shiny Cowbird,N/A
0663,Suliformes,Sulidae,Morus bassanus,Northern Gannet,N/A
0664,Passeriformes,Motacillidae,Motacilla alba,White Wagtail,N/A
0665,Passeriformes,Motacillidae,Motacilla flava,Yellow Wagtail,N/A
0666,Passeriformes,Motacillidae,Motacilla tschutschensis,Eastern Yellow Wagtail,N/A
0667,Passeriformes,Turdidae,Myadestes obscurus,"ʻ Maʻ , HawaiʻI Thrush",N/A
0668,Passeriformes,Turdidae,Myadestes townsendi,Townsend's Solitaire,N/A
0669,Passeriformes,Turdidae,Myadestes townsendi townsendi,Townsend's Solitaire (townsendi subspecies),N/A
0670,Ciconiiformes,Ciconiidae,Mycteria americana,Wood Stork,N/A
0671,Passeriformes,Tyrannidae,Myiarchus cinerascens,Ash-Throated Flycatcher,N/A
0672,Passeriformes,Tyrannidae,Myiarchus cinerascens cinerascens,Ash-Throated Flycatcher (cinerascens subspecies),N/A
0673,Passeriformes,Tyrannidae,Myiarchus crinitus,Great Crested Flycatcher,N/A
0674,Passeriformes,Tyrannidae,Myiarchus crinitus boreus,Great Crested Flycatcher (boreus subspecies),N/A
0675,Passeriformes,Tyrannidae,Myiarchus sagrae,La Sagra' Flycatcher,N/A
0676,Passeriformes,Tyrannidae,Myiarchus tuberculifer,Dusky-Capped Flycatcher,N/A
0677,Passeriformes,Tyrannidae,Myiarchus tyrannulus,Brown-Crested Flycatcher,N/A
0678,Passeriformes,Parulidae,Myioborus miniatus,Slate-Throated Redstart,N/A
0679,Passeriformes,Parulidae,Myioborus pictus,Painted Redstart,N/A
0680,Passeriformes,Tyrannidae,Myiodynastes luteiventris,Sulphur-Bellied Flycatcher,N/A
0681,Psittaciformes,Psittacidae,Myiopsitta monachus,Monk Parakeet,N/A
0682,Anseriformes,Anatidae,Nomonyx dominicus,Masked Duck,N/A
0683,Passeriformes,Corvidae,Nucifraga columbiana,Clark's Nutcracker,N/A
0684,Charadriiformes,Scolopacidae,Numenius americanus,Long-Billed Curlew,N/A
0685,Charadriiformes,Scolopacidae,Numenius americanus parvus,Long-Billed Curlew (parvus subspecies),N/A
0686,Charadriiformes,Scolopacidae,Numenius borealis,Eskimo Curlew,N/A
0687,Charadriiformes,Scolopacidae,Numenius hudsonicus,"Hudsonian Curlew, Jack Curlew",N/A
0688,Charadriiformes,Scolopacidae,Numenius madagascariensis,Far Eastern Curlew,N/A
0689,Charadriiformes,Scolopacidae,Numenius phaeopus,Whimbrel,N/A
0690,Charadriiformes,Scolopacidae,Numenius phaeopus hudsonicus,Hudsonian Curlew,N/A
0691,Charadriiformes,Scolopacidae,Numenius tahitiensis,Bristle-Thighed Curlew,N/A
0692,Galliformes,Numididae,Numida meleagris,Helmeted Guineafowl,N/A
0693,Pelecaniformes,Ardeidae,Nyctanassa violacea,Yellow-Crowned Night-Heron,N/A
0694,Pelecaniformes,Ardeidae,Nycticorax nycticorax,Black-Crowned Night-Heron,N/A
0695,Procellariiformes,Hydrobatidae,Oceanites oceanicus,Wilson's Storm-Petrel,N/A
0696,Procellariiformes,Hydrobatidae,Oceanodroma castro,Band-Rumped Storm-Petrel,N/A
0697,Procellariiformes,Hydrobatidae,Oceanodroma furcata,Fork-Tailed Storm-Petrel,N/A
0698,Procellariiformes,Hydrobatidae,Oceanodroma homochroa,Ashy Storm-Petrel,N/A
0699,Procellariiformes,Hydrobatidae,Oceanodroma leucorhoa,Leach's Storm-Petrel,N/A
0700,Procellariiformes,Hydrobatidae,Oceanodroma melania,Black Storm-Petrel,N/A
0701,Procellariiformes,Hydrobatidae,Oceanodroma microsoma,Least Storm-Petrel,N/A
0702,Passeriformes,Muscicapidae,Oenanthe oenanthe,Northern Wheatear,N/A
0703,Anseriformes,Anatidae,Oidemia americana,American Scoter,N/A
0704,Anseriformes,Anatidae,Oidemia nigra,"Black Scoter, Common Scoter",N/A
0705,Charadriiformes,Laridae,Onychoprion aleuticus,Aleutian Tern,N/A
0706,Charadriiformes,Laridae,Onychoprion fuscatus,"ʻEwaʻEwa, Sooty Tern",N/A
0707,Passeriformes,Parulidae,Oporornis agilis,Connecticut Warbler,N/A
0708,Passeriformes,Parulidae,Oporornis formosus,Kentucky Warbler,N/A
0709,Passeriformes,Parulidae,Oporornis philadelphia,Mourning Warbler,N/A
0710,Passeriformes,Parulidae,Oporornis tolmiei,Macgillivray's Warbler,N/A
0711,Passeriformes,Parulidae,Oporornis tolmiei monticola,Macgillivray's Warbler (monticola subspecies),N/A
0712,Passeriformes,Parulidae,Oporornis tolmiei tolmiei,Macgillivray's Warbler (tolmiei subspecies),N/A
0713,Galliformes,Odontophoridae,Oreortyx pictus,Mountain Quail,N/A
0714,Galliformes,Odontophoridae,Oreortyx pictus plumifer,Mountain Quail (plumifer subspecies),N/A
0715,Passeriformes,Mimidae,Oreoscoptes montanus,Sage Thrasher,N/A
0716,Strigiformes,Strigidae,Otus asio asio,Eastern Screech-Owl (asio subspecies),Owl
0717,Strigiformes,Strigidae,Otus asio inyoensis,Eastern Screech-Owl (inyoensis subspecies),Owl
0718,Strigiformes,Strigidae,Otus flammeolus,Flammulated Owl,Owl
0719,Anseriformes,Anatidae,Oxyura jamaicensis,Ruddy Duck,N/A
0720,Anseriformes,Anatidae,Oxyura jamaicensis rubida,Ruddy Duck (rubida subspecies),N/A
0721,Passeriformes,Cotingidae,Pachyramphus aglaiae,Rose-Throated Becard,N/A
0722,Charadriiformes,Laridae,Pagophila eburnea,Ivory Gull,N/A
0723,Passeriformes,Fringillidae,Palmeria dolei,"ʻAkohekohe, Akohekohe, Crested Honeycreeper",N/A
0724,Accipitriformes,Pandionidae,Pandion haliaetus,Osprey,Osprey
0725,Accipitriformes,Pandionidae,Pandion haliaetus carolinensis,Osprey (carolinensis subspecies),Osprey
0726,Accipitriformes,Accipitridae,Parabuteo unicinctus,Harris's Hawk,Hawk
0727,Passeriformes,Thraupidae,Paroaria capitata,Yellow-Billed Cardinal,N/A
0728,Passeriformes,Fringillidae,Paroreomyza montana newtoni,"Maui 'Alauahio, Maui Creeper, `Alauahio, Alauahio",N/A
0729,Passeriformes,Parulidae,Parula americana,Northern Parula,N/A
0730,Passeriformes,Parulidae,Parula pitiayumi,Tropical Parula,N/A
0731,Passeriformes,Parulidae,Parula superciliosa,Crescent-Chested Warbler,N/A
0732,Passeriformes,Paridae,Parus cinctus,"Gray-Headed Chickadee, Siberian Tit",N/A
0733,Passeriformes,Paridae,Parus gambeli inyoensis,Mountain Chickadee (inyoensis subspecies),N/A
0734,Passeriformes,Paridae,Parus inornatus,Plain Titmouse,N/A
0735,Passeriformes,Paridae,Parus inornatus griseus,Plain Titmouse (griseus subspecies),N/A
0736,Passeriformes,Paridae,Parus inornatus ridgwayi,Plain Titmouse (ridgwayi subspecies),N/A
0737,Passeriformes,Paridae,Parus rufescens neglectus,Chestnut-Backed Chickadee (neglectus subspecies),N/A
0738,Passeriformes,Passeridae,Passer domesticus,House Sparrow,N/A
0739,Passeriformes,Passeridae,Passer domesticus hostilis,House Sparrow (hostilis subspecies),N/A
0740,Passeriformes,Emberizidae,Passerculus sandwichensis,Savannah Sparrow,N/A
0741,Passeriformes,Emberizidae,Passerculus sandwichensis nevadensis,Savannah Sparrow (nevadensis subspecies),N/A
0742,Passeriformes,Emberizidae,Passerculus sandwichensis savanna,Savannah Sparrow (savanna subspecies),N/A
0743,Passeriformes,Emberizidae,Passerella iliaca,Fox Sparrow,N/A
0744,Passeriformes,Emberizidae,Passerella iliaca iliaca,Fox Sparrow (iliaca subspecies),N/A
0745,Passeriformes,Emberizidae,Passerella iliaca megarhyncha,Fox Sparrow (megarhyncha subspecies),N/A
0746,Passeriformes,Emberizidae,Passerella iliaca schistacea,Fox Sparrow (schistacea subspecies),N/A
0747,Passeriformes,Emberizidae,Passerella iliaca sinuosa,Fox Sparrow (sinuosa subspecies),N/A
0748,Passeriformes,Emberizidae,Passerella iliaca unalaschcensis,Fox Sparrow (unalaschcensis subspecies),N/A
0749,Passeriformes,Cardinalidae,Passerina amoena,Lazuli Bunting,N/A
0750,Passeriformes,Cardinalidae,Passerina amoena X cyanea,Lazuli X Indigo Bunting Hybrid,N/A
0751,Passeriformes,Cardinalidae,Passerina caerulea,Blue Grosbeak,N/A
0752,Passeriformes,Cardinalidae,Passerina caerulea interfusa,Blue Grosbeak (interfusa subspecies),N/A
0753,Passeriformes,Cardinalidae,Passerina ciris,Painted Bunting,N/A
0754,Passeriformes,Cardinalidae,Passerina cyanea,Indigo Bunting,N/A
0755,Passeriformes,Cardinalidae,Passerina versicolor,Varied Bunting,N/A
0756,Columbiformes,Columbidae,Patagioenas fasciata,Band-Tailed Pigeon,N/A
0757,Columbiformes,Columbidae,Patagioenas fasciata fasciata,Band-Tailed Pigeon (fasciata subspecies),N/A
0758,Columbiformes,Columbidae,Patagioenas fasciata monilis,Band-Tailed Pigeon (monilis subspecies),N/A
0759,Columbiformes,Columbidae,Patagioenas leucocephala,White-Crowned Pigeon,N/A
0760,Galliformes,Phasianidae,Pavo cristatus,Common Peafowl,N/A
0761,Pelecaniformes,Pelecanidae,Pelecanus erythrorhynchos,American White Pelican,N/A
0762,Pelecaniformes,Pelecanidae,Pelecanus occidentalis,Brown Pelican,N/A
0763,Pelecaniformes,Pelecanidae,Pelecanus occidentalis californicus,Brown Pelican (californicus subspecies),N/A
0764,Galliformes,Phasianidae,Perdix perdix,Gray Partridge,N/A
0765,Passeriformes,Corvidae,Perisoreus canadensis,Gray Jay,N/A
0766,Passeriformes,Corvidae,Perisoreus canadensis obscurus,Gray Jay (obscurus subspecies),N/A
0767,Passeriformes,Hirundinidae,Petrochelidon fulva,Cave Swallow,N/A
0768,Passeriformes,Hirundinidae,Petrochelidon pyrrhonota,Cliff Swallow,N/A
0769,Passeriformes,Peucedramidae,Peucedramus taeniatus,Olive Warbler,N/A
0770,Phaethontiformes,Phaethontidae,Phaethon aethereus,Red-Billed Tropicbird,N/A
0771,Phaethontiformes,Phaethontidae,Phaethon lepturus,White-Tailed Tropicbird,N/A
0772,Phaethontiformes,Phaethontidae,Phaethon lepturus dorotheae,White-Tailed Tropicbird (dorotheae subspecies),N/A
0773,Phaethontiformes,Phaethontidae,Phaethon rubricauda,"KoaʻE ʻUla, Red-Tailed Tropicbird",N/A
0774,Passeriformes,Ptilogonatidae,Phainopepla nitens,Phainopepla,N/A
0775,Suliformes,Phalacrocoracidae,Phalacrocorax auritus,Double-Crested Cormorant,N/A
0776,Suliformes,Phalacrocoracidae,Phalacrocorax auritus auritus,Double-Crested Cormorant (auritus subspecies),N/A
0777,Suliformes,Phalacrocoracidae,Phalacrocorax auritus floridanus,Double-Crested Cormorant (floridanus subspecies),N/A
0778,Suliformes,Phalacrocoracidae,Phalacrocorax brasilianus,Neotropic Cormorant,N/A
0779,Suliformes,Phalacrocoracidae,Phalacrocorax carbo,Great Cormorant,N/A
0780,Suliformes,Phalacrocoracidae,Phalacrocorax pelagicus,Pelagic Cormorant,N/A
0781,Suliformes,Phalacrocoracidae,Phalacrocorax pelagicus resplendens,Pelagic Cormorant (resplendens subspecies),N/A
0782,Suliformes,Phalacrocoracidae,Phalacrocorax penicillatus,Brandt's Cormorant,N/A
0783,Suliformes,Phalacrocoracidae,Phalacrocorax urile,Red-Faced Cormorant,N/A
0784,Caprimulgiformes,Caprimulgidae,Phalaenoptilus nuttallii,Common Poorwill,N/A
0785,Caprimulgiformes,Caprimulgidae,Phalaenoptilus nuttallii californicus,Common Poorwill (californicus subspecies),N/A
0786,Caprimulgiformes,Caprimulgidae,Phalaenoptilus nuttallii nuttallii,Common Poorwill (nuttallii subspecies),N/A
0787,Charadriiformes,Scolopacidae,Phalaropus fulicaria,Red Phalarope,N/A
0788,Charadriiformes,Scolopacidae,Phalaropus lobatus,Red-Necked Phalarope,N/A
0789,Charadriiformes,Scolopacidae,Phalaropus tricolor,Wilson's Phalarope,N/A
0790,Galliformes,Phasianidae,Phasianus colchicus,Ring-Necked Pheasant,N/A
0791,Galliformes,Phasianidae,Phasianus versicolor,Green Pheasant,N/A
0792,Passeriformes,Cardinalidae,Pheucticus ludovicianus,Rose-Breasted Grosbeak,N/A
0793,Passeriformes,Cardinalidae,Pheucticus melanocephalus,Black-Headed Grosbeak,N/A
0794,Passeriformes,Cardinalidae,Pheucticus melanocephalus melanocephalus,Black-Headed Grosbeak (melanocephalus subspecies),N/A
0795,Charadriiformes,Scolopacidae,Philomachus pugnax,Ruff,N/A
0796,Procellariiformes,Diomedeidae,Phoebastria albatrus,Short-Tailed Albatross,N/A
0797,Procellariiformes,Diomedeidae,Phoebastria nigripes,Black-Footed Albatross,N/A
0798,Phoenicopteriformes,Phoenicopteridae,Phoenicopterus ruber,"American Flamingo, Greater Flamingo",N/A
0799,Passeriformes,Phylloscopidae,Phylloscopus borealis,Arctic Warbler,N/A
0800,Passeriformes,Corvidae,Pica hudsonia,Black-Billed Magpie,N/A
0801,Passeriformes,Corvidae,Pica nuttalli,Yellow-Billed Magpie,N/A
0802,Piciformes,Picidae,Picoides albolarvatus,White-Headed Woodpecker,N/A
0803,Piciformes,Picidae,Picoides arcticus,Black-Backed Woodpecker,N/A
0804,Piciformes,Picidae,Picoides arizonae,Arizona Woodpecker,N/A
0805,Piciformes,Picidae,Picoides borealis,Red-Cockaded Woodpecker,N/A
0806,Piciformes,Picidae,Picoides dorsalis,American Three-Toed Woodpecker,N/A
0807,Piciformes,Picidae,Picoides dorsalis fasciatus,American Three-Toed Woodpecker (fasciatus subspecies),N/A
0808,Piciformes,Picidae,Picoides nuttallii,Nuttall's Woodpecker,N/A
0809,Piciformes,Picidae,Picoides pubescens,Downy Woodpecker,N/A
0810,Piciformes,Picidae,Picoides pubescens leucurus,Downy Woodpecker (leucurus subspecies),N/A
0811,Piciformes,Picidae,Picoides scalaris,Ladder-Backed Woodpecker,N/A
0812,Piciformes,Picidae,Picoides stricklandi,Strickland's Woodpecker,N/A
0813,Piciformes,Picidae,Picoides tridactylus,Three-Toed Woodpecker,N/A
0814,Piciformes,Picidae,Picoides tridactylus dorsalis,Three-Toed Woodpecker (dorsalis subspecies),N/A
0815,Piciformes,Picidae,Picoides tridactylus fasciatus,Three-Toed Woodpecker (fasciatus subspecies),N/A
0816,Piciformes,Picidae,Picoides villosus,Hairy Woodpecker,N/A
0817,Piciformes,Picidae,Picoides villosus leucothorectis,Hairy Woodpecker (leucothorectis subspecies),N/A
0818,Piciformes,Picidae,Picoides villosus monticola,Hairy Woodpecker (monticola subspecies),N/A
0819,Charadriiformes,Alcidae,Pinguinus impennis,Great Auk,N/A
0820,Passeriformes,Fringillidae,Pinicola enucleator,Pine Grosbeak,N/A
0821,Passeriformes,Fringillidae,Pinicola enucleator montana,Pine Grosbeak (montana subspecies),N/A
0822,Passeriformes,Emberizidae,Pipilo chlorurus,Green-Tailed Towhee,N/A
0823,Passeriformes,Emberizidae,Pipilo crissalis,California Towhee,N/A
0824,Passeriformes,Emberizidae,Pipilo erythrophthalmus,"Eastern Towhee, Rufous-Sided Towhee",N/A
0825,Passeriformes,Emberizidae,Pipilo erythrophthalmus montanus,Eastern Towhee (montanus subspecies),N/A
0826,Passeriformes,Emberizidae,Pipilo fuscus,Canyon Towhee,N/A
0827,Passeriformes,Emberizidae,Pipilo fuscus crissalis,Canyon Towhee (crissalis subspecies),N/A
0828,Passeriformes,Emberizidae,Pipilo fuscus mesoleucus,Canyon Towhee (mesoleucus subspecies),N/A
0829,Passeriformes,Emberizidae,Pipilo maculatus,Spotted Towhee,N/A
0830,Passeriformes,Emberizidae,Pipilo maculatus megalonyx,Spotted Towhee (megalonyx subspecies),N/A
0831,Passeriformes,Emberizidae,Pipilo maculatus montanus,Spotted Towhee (montanus subspecies),N/A
0832,Passeriformes,Emberizidae,Pipilo maculatus oregonus,Spotted Towhee (oregonus subspecies),N/A
0833,Passeriformes,Cardinalidae,Piranga bidentata,Flame-Colored Tanager,N/A
0834,Passeriformes,Cardinalidae,Piranga flava,Hepatic Tanager,N/A
0835,Passeriformes,Cardinalidae,Piranga ludoviciana,Western Tanager,N/A
0836,Passeriformes,Cardinalidae,Piranga olivacea,Scarlet Tanager,N/A
0837,Passeriformes,Cardinalidae,Piranga rubra,Summer Tanager,N/A
0838,Passeriformes,Cardinalidae,Piranga rubra rubra,Summer Tanager (rubra subspecies),N/A
0839,Passeriformes,Tyrannidae,Pitangus sulphuratus,Great Kiskadee,N/A
0840,Pelecaniformes,Threskiornithidae,Platalea ajaja,Roseate Spoonbill,N/A
0841,Passeriformes,Calcariidae,Plectrophenax hyperboreus,Mckay's Bunting,N/A
0842,Passeriformes,Calcariidae,Plectrophenax nivalis,Snow Bunting,N/A
0843,Passeriformes,Calcariidae,Plectrophenax nivalis nivalis,Snow Bunting (nivalis subspecies),N/A
0844,Pelecaniformes,Threskiornithidae,Plegadis chihi,White-Faced Ibis,N/A
0845,Pelecaniformes,Threskiornithidae,Plegadis falcinellus,Glossy Ibis,N/A
0846,Charadriiformes,Charadriidae,Pluvialis dominica,American Golden-Plover,N/A
0847,Charadriiformes,Charadriidae,Pluvialis dominica dominica,American Golden-Plover (dominica subspecies),N/A
0848,Charadriiformes,Charadriidae,Pluvialis fulva,Pacific Golden-Plover,N/A
0849,Charadriiformes,Charadriidae,Pluvialis squatarola,Black-Bellied Plover,N/A
0850,Podicipediformes,Podicipedidae,Podiceps auritus,Horned Grebe,N/A
0851,Podicipediformes,Podicipedidae,Podiceps grisegena,Red-Necked Grebe,N/A
0852,Podicipediformes,Podicipedidae,Podiceps nigricollis,Eared Grebe,N/A
0853,Podicipediformes,Podicipedidae,Podilymbus podiceps,Pied-Billed Grebe,N/A
0854,Podicipediformes,Podicipedidae,Podilymbus podiceps podiceps,Pied-Billed Grebe (podiceps subspecies),N/A
0855,Passeriformes,Paridae,Poecile atricapillus,Black-Capped Chickadee,N/A
0856,Passeriformes,Paridae,Poecile atricapillus occidentalis,Black-Capped Chickadee (occidentalis subspecies),N/A
0857,Passeriformes,Paridae,Poecile carolinensis,Carolina Chickadee,N/A
0858,Passeriformes,Paridae,Poecile cinctus,Gray-Headed Chickadee,N/A
0859,Passeriformes,Paridae,Poecile gambeli,Mountain Chickadee,N/A
0860,Passeriformes,Paridae,Poecile gambeli baileyae,Mountain Chickadee (baileyae subspecies),N/A
0861,Passeriformes,Paridae,Poecile gambeli gambeli,Mountain Chickadee (gambeli subspecies),N/A
0862,Passeriformes,Paridae,Poecile gambeli inyoensis,Mountain Chickadee (inyoensis subspecies),N/A
0863,Passeriformes,Paridae,Poecile hudsonica,Boreal Chickadee,N/A
0864,Passeriformes,Paridae,Poecile rufescens,Chestnut-Backed Chickadee,N/A
0865,Passeriformes,Paridae,Poecile rufescens rufescens,Chestnut-Backed Chickadee (rufescens subspecies),N/A
0866,Passeriformes,Polioptilidae,Polioptila caerulea,Blue-Gray Gnatcatcher,N/A
0867,Passeriformes,Polioptilidae,Polioptila caerulea amoenissima,Blue-Gray Gnatcatcher (amoenissima subspecies),N/A
0868,Passeriformes,Polioptilidae,Polioptila caerulea caerulea,Blue-Gray Gnatcatcher (caerulea subspecies),N/A
0869,Passeriformes,Polioptilidae,Polioptila caerulea obscura,Blue-Gray Gnatcatcher (obscura subspecies),N/A
0870,Passeriformes,Polioptilidae,Polioptila californica,California Gnatcatcher,N/A
0871,Passeriformes,Polioptilidae,Polioptila melanura,Black-Tailed Gnatcatcher,N/A
0872,Passeriformes,Polioptilidae,Polioptila plumbea,Tropical Gnatcatcher,N/A
0873,Anseriformes,Anatidae,Polysticta stelleri,Steller's Eider,N/A
0874,Passeriformes,Emberizidae,Pooecetes gramineus,Vesper Sparrow,N/A
0875,Passeriformes,Emberizidae,Pooecetes gramineus confinis,Vesper Sparrow (confinis subspecies),N/A
0876,Gruiformes,Rallidae,Porphyrio martinica,Purple Gallinule,N/A
0877,Gruiformes,Rallidae,Porzana carolina,Sora,N/A
0878,Gruiformes,Rallidae,Porzana sandwichensis,"Moho, Hawaiian Rail",N/A
0879,Passeriformes,Hirundinidae,Progne subis,Purple Martin,N/A
0880,Passeriformes,Hirundinidae,Progne subis hesperia,Purple Martin (hesperia subspecies),N/A
0881,Passeriformes,Hirundinidae,Progne subis subis,Purple Martin (subis subspecies),N/A
0882,Passeriformes,Parulidae,Protonotaria citrea,Prothonotary Warbler,N/A
0883,Passeriformes,Aegithalidae,Psaltriparus minimus,Bushtit,N/A
0884,Passeriformes,Aegithalidae,Psaltriparus minimus californicus,Bushtit (californicus subspecies),N/A
0885,Passeriformes,Aegithalidae,Psaltriparus minimus plumbeus,Bushtit (plumbeus subspecies),N/A
0886,Passeriformes,Fringillidae,Pseudonestor xanthophrys,Maui Parrotbill,N/A
0887,Psittaciformes,Psittacidae,Psittacula krameri,Rose-Ringed Parakeet,N/A
0888,Passeriformes,Fringillidae,Psittirostra psittacea,ʻOʻU,N/A
0889,Galliformes,Phasianidae,Pternistis adspersus,Red-Billed Francolin,N/A
0890,Procellariiformes,Procellariidae,Pterodroma hasitata,Black-Capped Petrel,N/A
0891,Procellariiformes,Procellariidae,Pterodroma inexpectata,Mottled Petrel,N/A
0892,Procellariiformes,Procellariidae,Pterodroma sandwichensis,"ʻUaʻU, Hawaiian Petrel",N/A
0893,Procellariiformes,Procellariidae,Pterodroma ultima,Murphy's Petrel,N/A
0894,Charadriiformes,Alcidae,Ptychoramphus aleuticus,Cassin's Auklet,N/A
0895,Procellariiformes,Procellariidae,Puffinus auricularis newelli,"'A'O, Newell's Shearwater",N/A
0896,Procellariiformes,Procellariidae,Puffinus bulleri,Buller's Shearwater,N/A
0897,Procellariiformes,Procellariidae,Puffinus carneipes,Flesh-Footed Shearwater,N/A
0898,Procellariiformes,Procellariidae,Puffinus creatopus,Pink-Footed Shearwater,N/A
0899,Procellariiformes,Procellariidae,Puffinus gravis,Greater Shearwater,N/A
0900,Procellariiformes,Procellariidae,Puffinus griseus,Sooty Shearwater,N/A
0901,Procellariiformes,Procellariidae,Puffinus lherminieri,Audubon's Shearwater,N/A
0902,Procellariiformes,Procellariidae,Puffinus lherminieri lherminieri,Audubon's Shearwater (lherminieri subspecies),N/A
0903,Procellariiformes,Procellariidae,Puffinus opisthomelas,Black-Vented Shearwater,N/A
0904,Procellariiformes,Procellariidae,Puffinus pacificus,"UaʻU Kani, Wedge-Tailed Shearwater",N/A
0905,Procellariiformes,Procellariidae,Puffinus puffinus,Manx Shearwater,N/A
0906,Procellariiformes,Procellariidae,Puffinus tenuirostris,Short-Tailed Shearwater,N/A
0907,Passeriformes,Tyrannidae,Pyrocephalus rubinus,Vermilion Flycatcher,N/A
0908,Passeriformes,Icteridae,Quiscalus major,Boat-Tailed Grackle,N/A
0909,Passeriformes,Icteridae,Quiscalus mexicanus,Great-Tailed Grackle,N/A
0910,Passeriformes,Icteridae,Quiscalus quiscula,Common Grackle,N/A
0911,Gruiformes,Rallidae,Rallus elegans,King Rail,N/A
0912,Gruiformes,Rallidae,Rallus elegans elegans,King Rail (elegans subspecies),N/A
0913,Gruiformes,Rallidae,Rallus limicola,Virginia Rail,N/A
0914,Gruiformes,Rallidae,Rallus longirostris,Clapper Rail,N/A
0915,Gruiformes,Rallidae,Rallus longirostris crepitans,Clapper Rail (crepitans subspecies),N/A
0916,Gruiformes,Rallidae,Rallus longirostris yumanensis,Clapper Rail (yumanensis subspecies),N/A
0917,Charadriiformes,Recurvirostridae,Recurvirostra americana,American Avocet,N/A
0918,Passeriformes,Regulidae,Regulus calendula,Ruby-Crowned Kinglet,N/A
0919,Passeriformes,Regulidae,Regulus calendula calendula,Ruby-Crowned Kinglet (calendula subspecies),N/A
0920,Passeriformes,Regulidae,Regulus calendula cineraceus,Ruby-Crowned Kinglet (cineraceus subspecies),N/A
0921,Passeriformes,Regulidae,Regulus calendula grinnelli,Ruby-Crowned Kinglet (grinnelli subspecies),N/A
0922,Passeriformes,Regulidae,Regulus satrapa,Golden-Crowned Kinglet,N/A
0923,Passeriformes,Regulidae,Regulus satrapa amoenus,Golden-Crowned Kinglet (amoenus subspecies),N/A
0924,Passeriformes,Regulidae,Regulus satrapa olivaceus,Golden-Crowned Kinglet (olivaceus subspecies),N/A
0925,Passeriformes,Regulidae,Regulus satrapa satrapa,Golden-Crowned Kinglet (satrapa subspecies),N/A
0926,Passeriformes,Fringillidae,Rhodacanthis palmeri,Greater Koa-Finch,N/A
0927,Charadriiformes,Laridae,Rhodostethia rosea,Ross's Gull,N/A
0928,Passeriformes,Turdidae,Ridgwayia pinicola,Aztec Thrush,N/A
0929,Passeriformes,Hirundinidae,Riparia riparia,Bank Swallow,N/A
0930,Passeriformes,Hirundinidae,Riparia riparia riparia,Bank Swallow (riparia subspecies),N/A
0931,Charadriiformes,Laridae,Rissa brevirostris,Red-Legged Kittiwake,N/A
0932,Charadriiformes,Laridae,Rissa tridactyla,Black-Legged Kittiwake,N/A
0933,Accipitriformes,Accipitridae,Rostrhamus sociabilis,Snail Kite,Kite
0934,Accipitriformes,Accipitridae,Rostrhamus sociabilis plumbeus,Everglade Snail Kite,Kite
0935,Charadriiformes,Laridae,Rynchops niger,Black Skimmer,N/A
0936,Passeriformes,Troglodytidae,Salpinctes obsoletus,Rock Wren,N/A
0937,Passeriformes,Troglodytidae,Salpinctes obsoletus obsoletus,Rock Wren (obsoletus subspecies),N/A
0938,Passeriformes,Tyrannidae,Sayornis nigricans,Black Phoebe,N/A
0939,Passeriformes,Tyrannidae,Sayornis phoebe,Eastern Phoebe,N/A
0940,Passeriformes,Tyrannidae,Sayornis saya,Say's Phoebe,N/A
0941,Passeriformes,Tyrannidae,Sayornis saya saya,Say's Phoebe (saya subspecies),N/A
0942,Charadriiformes,Scolopacidae,Scolopax minor,American Woodcock,N/A
0943,Passeriformes,Parulidae,Seiurus aurocapilla,Ovenbird,N/A
0944,Passeriformes,Parulidae,Seiurus motacilla,Louisiana Waterthrush,N/A
0945,Passeriformes,Parulidae,Seiurus noveboracensis,Northern Waterthrush,N/A
0946,Passeriformes,Parulidae,Seiurus noveboracensis notabilis,Northern Waterthrush (notabilis subspecies),N/A
0947,Apodiformes,Trochilidae,Selasphorus platycercus,Broad-Tailed Hummingbird,N/A
0948,Apodiformes,Trochilidae,Selasphorus platycercus platycercus,Broad-Tailed Hummingbird (platycercus subspecies),N/A
0949,Apodiformes,Trochilidae,Selasphorus rufus,Rufous Hummingbird,N/A
0950,Apodiformes,Trochilidae,Selasphorus sasin,Allen's Hummingbird,N/A
0951,Passeriformes,Parulidae,Setophaga aestiva,American Yellow Warbler,N/A
0952,Passeriformes,Parulidae,Setophaga aestiva morcomi,American Yellow Warbler (morcomi subspecies),N/A
0953,Passeriformes,Parulidae,Setophaga auduboni auduboni,Yellow-Rumped Warbler,N/A
0954,Passeriformes,Parulidae,Setophaga coronata auduboni,Audubon's Warbler,N/A
0955,Passeriformes,Parulidae,Setophaga coronata coronata,Myrtle Warbler (Yellow-Rumped),N/A
0956,Passeriformes,Parulidae,Setophaga nigrescens halseii,Black-Throated Gray Warbler,N/A
0957,Passeriformes,Parulidae,Setophaga ruticilla,American Redstart,N/A
0958,Passeriformes,Turdidae,Sialia currucoides,Mountain Bluebird,N/A
0959,Passeriformes,Turdidae,Sialia mexicana,Western Bluebird,N/A
0960,Passeriformes,Turdidae,Sialia mexicana bairdi,Western Bluebird (bairdi subspecies),N/A
0961,Passeriformes,Turdidae,Sialia mexicana occidentalis,Western Bluebird (occidentalis subspecies),N/A
0962,Passeriformes,Turdidae,Sialia sialis,Eastern Bluebird,N/A
0963,Passeriformes,Turdidae,Sialia sialis sialis,Eastern Bluebird (sialis subspecies),N/A
0964,Passeriformes,Thraupidae,Sicalis flaveola,Saffron Finch,N/A
0965,Passeriformes,Sittidae,Sitta canadensis,Red-Breasted Nuthatch,N/A
0966,Passeriformes,Sittidae,Sitta carolinensis,White-Breasted Nuthatch,N/A
0967,Passeriformes,Sittidae,Sitta carolinensis aculeata,White-Breasted Nuthatch (aculeata subspecies),N/A
0968,Passeriformes,Sittidae,Sitta carolinensis carolinensis,White-Breasted Nuthatch (carolinensis subspecies),N/A
0969,Passeriformes,Sittidae,Sitta carolinensis nelsoni,White-Breasted Nuthatch (nelsoni subspecies),N/A
0970,Passeriformes,Sittidae,Sitta pusilla,Brown-Headed Nuthatch,N/A
0971,Passeriformes,Sittidae,Sitta pygmaea,Pygmy Nuthatch,N/A
0972,Passeriformes,Sittidae,Sitta pygmaea melanotis,Pygmy Nuthatch (melanotis subspecies),N/A
0973,Anseriformes,Anatidae,Somateria mollissima,Common Eider,N/A
0974,Anseriformes,Anatidae,Somateria spectabilis,King Eider,N/A
0975,Anseriformes,Anatidae,Spatula clypeata,"Shoveller, Spoonbill Duck",N/A
0976,Piciformes,Picidae,Sphyrapicus nuchalis,Red-Naped Sapsucker,N/A
0977,Piciformes,Picidae,Sphyrapicus ruber,Red-Breasted Sapsucker,N/A
0978,Piciformes,Picidae,Sphyrapicus thyroideus,Williamson's Sapsucker,N/A
0979,Piciformes,Picidae,Sphyrapicus thyroideus nataliae,Williamson's Sapsucker (nataliae subspecies),N/A
0980,Piciformes,Picidae,Sphyrapicus varius,Yellow-Bellied Sapsucker,N/A
0981,Piciformes,Picidae,Sphyrapicus varius daggetti,Yellow-Bellied Sapsucker (daggetti subspecies),N/A
0982,Passeriformes,Thraupidae,Spindalis zena,"Stripe-Headed Tanager, Western Spindalis",N/A
0983,Passeriformes,Fringillidae,Spinus pinus pinus,Pine Siskin,N/A
0984,Passeriformes,Fringillidae,Spinus psaltria arizonae,Lesser Goldfinch (arizonae subspecies),N/A
0985,Passeriformes,Fringillidae,Spinus psaltria hesperophilus,Lesser Goldfinch,N/A
0986,Passeriformes,Cardinalidae,Spiza americana,Dickcissel,N/A
0987,Passeriformes,Emberizidae,Spizella arborea,American Tree Sparrow,N/A
0988,Passeriformes,Emberizidae,Spizella arborea arborea,American Tree Sparrow (arborea subspecies),N/A
0989,Passeriformes,Emberizidae,Spizella atrogularis,Black-Chinned Sparrow,N/A
0990,Passeriformes,Emberizidae,Spizella breweri,Brewer's Sparrow,N/A
0991,Passeriformes,Emberizidae,Spizella breweri breweri,Brewer's Sparrow (breweri subspecies),N/A
0992,Passeriformes,Emberizidae,Spizella pallida,Clay-Colored Sparrow,N/A
0993,Passeriformes,Emberizidae,Spizella passerina,Chipping Sparrow,N/A
0994,Passeriformes,Emberizidae,Spizella passerina arizonae,Chipping Sparrow (arizonae subspecies),N/A
0995,Passeriformes,Emberizidae,Spizella passerina passerina,Chipping Sparrow (passerina subspecies),N/A
0996,Passeriformes,Emberizidae,Spizella pusilla,Field Sparrow,N/A
0997,Passeriformes,Emberizidae,Spizella pusilla pusilla,Field Sparrow (pusilla subspecies),N/A
0998,Charadriiformes,Charadriidae,Squatarola squatarola,"Black Bellied Plover, Silver Plover",N/A
0999,Passeriformes,Hirundinidae,Stelgidopteryx ruficollis,Southern Rough-Winged Swallow,N/A
1000,Passeriformes,Hirundinidae,Stelgidopteryx serripennis,Northern Rough-Winged Swallow,N/A
1001,Apodiformes,Trochilidae,Stellula calliope,Calliope Hummingbird,N/A
1002,Charadriiformes,Stercorariidae,Stercorarius longicaudus,Long-Tailed Jaeger,N/A
1003,Charadriiformes,Stercorariidae,Stercorarius maccormicki,South Polar Skua,N/A
1004,Charadriiformes,Stercorariidae,Stercorarius parasiticus,Parasitic Jaeger,N/A
1005,Charadriiformes,Stercorariidae,Stercorarius pomarinus,Pomarine Jaeger,N/A
1006,Charadriiformes,Laridae,Sterna anaethetus,Bridled Tern,N/A
1007,Charadriiformes,Laridae,Sterna antillarum,Least Tern,N/A
1008,Charadriiformes,Laridae,Sterna antillarum antillarum,Least Tern (antillarum subspecies),N/A
1009,Charadriiformes,Laridae,Sterna caspia,Caspian Tern,N/A
1010,Charadriiformes,Laridae,Sterna dougallii,Roseate Tern,N/A
1011,Charadriiformes,Laridae,Sterna elegans,Elegant Tern,N/A
1012,Charadriiformes,Laridae,Sterna forsteri,Forster's Tern,N/A
1013,Charadriiformes,Laridae,Sterna fuscata,Sooty Tern,N/A
1014,Charadriiformes,Laridae,Sterna hirundo,Common Tern,N/A
1015,Charadriiformes,Laridae,Sterna hirundo hirundo,Common Tern (hirundo subspecies),N/A
1016,Charadriiformes,Laridae,Sterna hirundo longipennis,Common Tern (longipennis subspecies),N/A
1017,Charadriiformes,Laridae,Sterna maxima,Royal Tern,N/A
1018,Charadriiformes,Laridae,Sterna nilotica,Gull-Billed Tern,N/A
1019,Charadriiformes,Laridae,Sterna paradisaea,Arctic Tern,N/A
1020,Charadriiformes,Laridae,Sterna sandvicensis,Sandwich Tern,N/A
1021,Columbiformes,Columbidae,Streptopelia chinensis,Spotted Dove,N/A
1022,Columbiformes,Columbidae,Streptopelia decaocto,Eurasian Collared-Dove,N/A
1023,Columbiformes,Columbidae,Streptopelia orientalis,Oriental Turtle-Dove,N/A
1024,Columbiformes,Columbidae,Streptopelia risoria,Ringed Turtle-Dove,N/A
1025,Columbiformes,Columbidae,Streptopelia roseogrisea,African Collared-Dove,N/A
1026,Apodiformes,Apodidae,Streptoprocne zonaris,White-Collared Swift,N/A
1027,Strigiformes,Strigidae,Strix nebulosa,Great Gray Owl,Owl
1028,Strigiformes,Strigidae,Strix nebulosa nebulosa,Great Gray Owl (nebulosa subspecies),Owl
1029,Strigiformes,Strigidae,Strix occidentalis,Spotted Owl,Owl
1030,Strigiformes,Strigidae,Strix occidentalis caurina,Northern Spotted Owl,Owl
1031,Strigiformes,Strigidae,Strix occidentalis lucida,Mexican Spotted Owl,Owl
1032,Strigiformes,Strigidae,Strix occidentalis occidentalis,California Spotted Owl,Owl
1033,Strigiformes,Strigidae,Strix pratincola,American Barn Owl,Owl
1034,Strigiformes,Strigidae,Strix varia,Barred Owl,Owl
1035,Strigiformes,Strigidae,Strix varia varia,Barred Owl (varia subspecies),Owl
1036,Passeriformes,Icteridae,Sturnella magna,Eastern Meadowlark,N/A
1037,Passeriformes,Icteridae,Sturnella magna argutula,Eastern Meadowlark (argutula subspecies),N/A
1038,Passeriformes,Icteridae,Sturnella neglecta,Western Meadowlark,N/A
1039,Passeriformes,Sturnidae,Sturnus vulgaris,European Starling,N/A
1040,Passeriformes,Sturnidae,Sturnus vulgaris vulgaris,European Starling (vulgaris subspecies),N/A
1041,Suliformes,Sulidae,Sula dactylatra,Masked Booby,N/A
1042,Suliformes,Sulidae,Sula leucogaster,Brown Booby,N/A
1043,Suliformes,Sulidae,Sula nebouxii,Blue-Footed Booby,N/A
1044,Suliformes,Sulidae,Sula sula,Red-Footed Booby,N/A
1045,Strigiformes,Strigidae,Surnia ulula,Northern Hawk Owl,Owl
1046,Charadriiformes,Alcidae,Synthliboramphus antiquus,Ancient Murrelet,N/A
1047,Charadriiformes,Alcidae,Synthliboramphus craveri,Craveri's Murrelet,N/A
1048,Charadriiformes,Alcidae,Synthliboramphus hypoleucus,"Xantus' Murrelet, Xantus's Murrelet",N/A
1049,Podicipediformes,Podicipedidae,Tachybaptus dominicus,Least Grebe,N/A
1050,Passeriformes,Hirundinidae,Tachycineta bicolor,Tree Swallow,N/A
1051,Passeriformes,Hirundinidae,Tachycineta cyaneoviridis,Bahama Swallow,N/A
1052,Passeriformes,Hirundinidae,Tachycineta thalassina,Violet-Green Swallow,N/A
1053,Passeriformes,Hirundinidae,Tachycineta thalassina lepida,Violet-Green Swallow (lepida subspecies),N/A
1054,Passeriformes,Hirundinidae,Tachycineta thalassina thalassina,Violet-Green Swallow (thalassina subspecies),N/A
1055,Passeriformes,Troglodytidae,Thryomanes bewickii,Bewick's Wren,N/A
1056,Passeriformes,Troglodytidae,Thryomanes bewickii altus,Bewick's Wren (altus subspecies),N/A
1057,Passeriformes,Troglodytidae,Thryomanes bewickii bewickii,Bewick's Wren (bewickii subspecies),N/A
1058,Passeriformes,Troglodytidae,Thryomanes bewickii calophonus,Bewick's Wren (calophonus subspecies),N/A
1059,Passeriformes,Troglodytidae,Thryomanes bewickii eremophilus,Bewick's Wren (eremophilus subspecies),N/A
1060,Passeriformes,Troglodytidae,Thryothorus ludovicianus,Carolina Wren,N/A
1061,Passeriformes,Troglodytidae,Thryothorus ludovicianus ludovicianus,Carolina Wren (ludovicianus subspecies),N/A
1062,Passeriformes,Thraupidae,Tiaris bicolor,Black-Faced Grassquit,N/A
1063,Passeriformes,Thraupidae,Tiaris olivaceus,Yellow-Faced Grassquit,N/A
1064,Passeriformes,Mimidae,Toxostoma bendirei,Bendire's Thrasher,N/A
1065,Passeriformes,Mimidae,Toxostoma crissale,Crissal Thrasher,N/A
1066,Passeriformes,Mimidae,Toxostoma curvirostre,Curve-Billed Thrasher,N/A
1067,Passeriformes,Mimidae,Toxostoma lecontei,Le Conte's Thrasher,N/A
1068,Passeriformes,Mimidae,Toxostoma longirostre,Long-Billed Thrasher,N/A
1069,Passeriformes,Mimidae,Toxostoma redivivum,California Thrasher,N/A
1070,Passeriformes,Mimidae,Toxostoma rufum,Brown Thrasher,N/A
1071,Charadriiformes,Scolopacidae,Tringa erythropus,Spotted Redshank,N/A
1072,Charadriiformes,Scolopacidae,Tringa flavipes,Lesser Yellowlegs,N/A
1073,Charadriiformes,Scolopacidae,Tringa incana,Wandering Tattler,N/A
1074,Charadriiformes,Scolopacidae,Tringa melanoleuca,Greater Yellowlegs,N/A
1075,Charadriiformes,Scolopacidae,Tringa solitaria,Solitary Sandpiper,N/A
1076,Charadriiformes,Scolopacidae,Tringa solitaria cinnamomea,Solitary Sandpiper (cinnamomea subspecies),N/A
1077,Charadriiformes,Scolopacidae,Tringa solitaria solitaria,Solitary Sandpiper (solitaria subspecies),N/A
1078,Passeriformes,Troglodytidae,Troglodytes aedon,House Wren,N/A
1079,Passeriformes,Troglodytidae,Troglodytes aedon aztecus,House Wren (aztecus subspecies),N/A
1080,Passeriformes,Troglodytidae,Troglodytes aedon parkmani,House Wren (parkmani subspecies),N/A
1081,Passeriformes,Troglodytidae,Troglodytes aedon parkmanii,House Wren (parkmanii subspecies),N/A
1082,Passeriformes,Troglodytidae,Troglodytes pacificus,Pacific Wren,N/A
1083,Passeriformes,Troglodytidae,Troglodytes pacificus pacificus,Pacific Wren (pacificus subspecies),N/A
1084,Passeriformes,Troglodytidae,Troglodytes troglodytes,Winter Wren,N/A
1085,Passeriformes,Troglodytidae,Troglodytes troglodytes hiemalis,Winter Wren (hiemalis subspecies),N/A
1086,Passeriformes,Troglodytidae,Troglodytes troglodytes pacificus,Winter Wren (pacificus subspecies),N/A
1087,Trogoniformes,Trogonidae,Trogon elegans,Elegant Trogon,N/A
1088,Charadriiformes,Scolopacidae,Tryngites subruficollis,Buff-Breasted Sandpiper,N/A
1089,Passeriformes,Turdidae,Turdus grayi,Clay-Colored Robin,N/A
1090,Passeriformes,Turdidae,Turdus migratorius,American Robin,N/A
1091,Passeriformes,Turdidae,Turdus migratorius caurinus,American Robin (caurinus subspecies),N/A
1092,Passeriformes,Turdidae,Turdus migratorius migratorius,American Robin (migratorius subspecies),N/A
1093,Passeriformes,Turdidae,Turdus migratorius propinquus,American Robin (propinquus subspecies),N/A
1094,Passeriformes,Turdidae,Turdus rufopalliatus,Rufous-Backed Robin,N/A
1095,Galliformes,Phasianidae,Tympanuchus cupido,Prairie Chicken,N/A
1096,Galliformes,Phasianidae,Tympanuchus cupido cupido,Heath Hen,N/A
1097,Galliformes,Phasianidae,Tympanuchus pallidicinctus,Lesser Prairie-Chicken,N/A
1098,Galliformes,Phasianidae,Tympanuchus phasianellus,Sharp-Tailed Grouse,N/A
1099,Passeriformes,Tyrannidae,Tyrannus couchii,Couch's Kingbird,N/A
1100,Passeriformes,Tyrannidae,Tyrannus crassirostris,Thick-Billed Kingbird,N/A
1101,Passeriformes,Tyrannidae,Tyrannus dominicensis,Gray Kingbird,N/A
1102,Passeriformes,Tyrannidae,Tyrannus forficatus,Scissor-Tailed Flycatcher,N/A
1103,Passeriformes,Tyrannidae,Tyrannus melancholicus,Tropical Kingbird,N/A
1104,Passeriformes,Tyrannidae,Tyrannus savana,Fork-Tailed Flycatcher,N/A
1105,Passeriformes,Tyrannidae,Tyrannus tyrannus,Eastern Kingbird,N/A
1106,Passeriformes,Tyrannidae,Tyrannus verticalis,Western Kingbird,N/A
1107,Passeriformes,Tyrannidae,Tyrannus vociferans,Cassin's Kingbird,N/A
1108,Strigiformes,Tytonidae,Tyto alba,Barn Owl,Owl
1109,Charadriiformes,Alcidae,Uria aalge,Common Murre,N/A
1110,Charadriiformes,Alcidae,Uria aalge californica,Common Murre (californica subspecies),N/A
1111,Charadriiformes,Alcidae,Uria lomvia,Thick-Billed Murre,N/A
1112,Charadriiformes,Alcidae,Uria troile californica,California Murre,N/A
1113,Passeriformes,Parulidae,Vermivora bachmanii,"Bachman's Warbler, Bachman's Wood Warbler",N/A
1114,Passeriformes,Parulidae,Vermivora celata,Orange-Crowned Warbler,N/A
1115,Passeriformes,Parulidae,Vermivora celata celata,Orange-Crowned Warbler (celata subspecies),N/A
1116,Passeriformes,Parulidae,Vermivora celata lutescens,Orange-Crowned Warbler (lutescens subspecies),N/A
1117,Passeriformes,Parulidae,Vermivora celata orestera,Orange-Crowned Warbler (orestera subspecies),N/A
1118,Passeriformes,Parulidae,Vermivora chrysoptera,Golden-Winged Warbler,N/A
1119,Passeriformes,Parulidae,Vermivora chrysoptera X pinus,Brewster's Warbler,N/A
1120,Passeriformes,Parulidae,Vermivora crissalis,Colima Warbler,N/A
1121,Passeriformes,Parulidae,Vermivora lawrencei,Lawrence's Warbler,N/A
1122,Passeriformes,Parulidae,Vermivora leucobronchialis,Brewster's Warbler,N/A
1123,Passeriformes,Parulidae,Vermivora luciae,Lucy's Warbler,N/A
1124,Passeriformes,Parulidae,Vermivora peregrina,Tennessee Warbler,N/A
1125,Passeriformes,Parulidae,Vermivora pinus,Blue-Winged Warbler,N/A
1126,Passeriformes,Parulidae,Vermivora pinus X chrysoptera,Brewster's Warbler,N/A
1127,Passeriformes,Parulidae,Vermivora ruficapilla,Nashville Warbler,N/A
1128,Passeriformes,Parulidae,Vermivora ruficapilla ridgwayi,Nashville Warbler (ridgwayi subspecies),N/A
1129,Passeriformes,Parulidae,Vermivora ruficapilla ruficapilla,Nashville Warbler (ruficapilla subspecies),N/A
1130,Passeriformes,Parulidae,Vermivora virginiae,Virginia's Warbler,N/A
1131,Passeriformes,Vireonidae,Vireo altiloquus,Black-Whiskered Vireo,N/A
1132,Passeriformes,Vireonidae,Vireo atricapilla,Black-Capped Vireo,N/A
1133,Passeriformes,Vireonidae,Vireo bellii,Bell's Vireo,N/A
1134,Passeriformes,Vireonidae,Vireo cassinii,Cassin's Vireo,N/A
1135,Passeriformes,Vireonidae,Vireo crassirostris,Thick-Billed Vireo,N/A
1136,Passeriformes,Vireonidae,Vireo flavifrons,Yellow-Throated Vireo,N/A
1137,Passeriformes,Vireonidae,Vireo flavoviridis,Yellow-Green Vireo,N/A
1138,Passeriformes,Vireonidae,Vireo gilvus,Warbling Vireo,N/A
1139,Passeriformes,Vireonidae,Vireo gilvus brewsteri,Warbling Vireo (brewsteri subspecies),N/A
1140,Passeriformes,Vireonidae,Vireo gilvus gilvus,Warbling Vireo (gilvus subspecies),N/A
1141,Passeriformes,Vireonidae,Vireo gilvus leucopolius,Warbling Vireo (leucopolius subspecies),N/A
1142,Passeriformes,Vireonidae,Vireo gilvus swainsoni,Warbling Vireo (swainsoni subspecies),N/A
1143,Passeriformes,Vireonidae,Vireo griseus,White-Eyed Vireo,N/A
1144,Passeriformes,Vireonidae,Vireo griseus griseus,White-Eyed Vireo (griseus subspecies),N/A
1145,Passeriformes,Vireonidae,Vireo huttoni,Hutton's Vireo,N/A
1146,Passeriformes,Vireonidae,Vireo olivaceus,Red-Eyed Vireo,N/A
1147,Passeriformes,Vireonidae,Vireo olivaceus olivaceus,Red-Eyed Vireo (olivaceus subspecies),N/A
1148,Passeriformes,Vireonidae,Vireo philadelphicus,Philadelphia Vireo,N/A
1149,Passeriformes,Vireonidae,Vireo plumbeus,Plumbeous Vireo,N/A
1150,Passeriformes,Vireonidae,Vireo plumbeus plumbeus,Plumbeous Vireo (plumbeus subspecies),N/A
1151,Passeriformes,Vireonidae,Vireo solitarius,"Blue-Headed Vireo, Solitary Vireo",N/A
1152,Passeriformes,Vireonidae,Vireo solitarius cassinii,Blue-Headed Vireo (cassinii subspecies),N/A
1153,Passeriformes,Vireonidae,Vireo solitarius plumbeus,Blue-Headed Vireo (plumbeus subspecies),N/A
1154,Passeriformes,Vireonidae,Vireo solitarius solitarius,Blue-Headed Vireo (solitarius subspecies),N/A
1155,Passeriformes,Vireonidae,Vireo vicinior,Gray Vireo,N/A
1156,Passeriformes,Parulidae,Wilsonia canadensis,Canada Warbler,N/A
1157,Passeriformes,Parulidae,Wilsonia citrina,Hooded Warbler,N/A
1158,Passeriformes,Parulidae,Wilsonia pusilla,Wilson's Warbler,N/A
1159,Passeriformes,Parulidae,Wilsonia pusilla chryseola,Wilson's Warbler (chryseola subspecies),N/A
1160,Passeriformes,Parulidae,Wilsonia pusilla pileolata,Wilson's Warbler (pileolata subspecies),N/A
1161,Passeriformes,Parulidae,Wilsonia pusilla pusilla,Wilson's Warbler (pusilla subspecies),N/A
1162,Passeriformes,Icteridae,Xanthocephalus xanthocephalus,Yellow-Headed Blackbird,N/A
1163,Charadriiformes,Laridae,Xema sabini,Sabine's Gull,N/A
1164,Columbiformes,Columbidae,Zenaida asiatica,White-Winged Dove,N/A
1165,Columbiformes,Columbidae,Zenaida aurita,Zenaida Dove,N/A
1166,Columbiformes,Columbidae,Zenaida macroura,Mourning Dove,N/A
1167,Columbiformes,Columbidae,Zenaida macroura carolinensis,Mourning Dove (carolinensis subspecies),N/A
1168,Columbiformes,Columbidae,Zenaida macroura marginella,Mourning Dove (marginella subspecies),N/A
1169,Passeriformes,Emberizidae,Zonotrichia albicollis,White-Throated Sparrow,N/A
1170,Passeriformes,Emberizidae,Zonotrichia atricapilla,Golden-Crowned Sparrow,N/A
1171,Passeriformes,Emberizidae,Zonotrichia leucophrys,White-Crowned Sparrow,N/A
1172,Passeriformes,Emberizidae,Zonotrichia leucophrys gambelii,White-Crowned Sparrow (gambelii subspecies),N/A
1173,Passeriformes,Emberizidae,Zonotrichia leucophrys leucophrys,White-Crowned Sparrow (leucophrys subspecies),N/A
1174,Passeriformes,Emberizidae,Zonotrichia leucophrys oriantha,White-Crowned Sparrow (Mountain Subspecies),N/A
1175,Passeriformes,Emberizidae,Zonotrichia leucophrys pugetensis,White-Crowned Sparrow (pugetensis subspecies),N/A
1176,Passeriformes,Emberizidae,Zonotrichia querula,Harris's Sparrow,N/A
1177,Passeriformes,Zosteropidae,Zosterops japonicus,Japanese White-Eye,N/A
